#
# There is insufficient memory for the Java Runtime Environment to continue.
# Native memory allocation (mmap) failed to map 36700160 bytes for Failed to commit area from 0x000000002a400000 to 0x000000002c700000 of length 36700160.
# Possible reasons:
#   The system is out of physical RAM or swap space
# Possible solutions:
#   Reduce memory load on the system
#   Increase physical memory or swap space
#   Check if swap backing store is full
#   Decrease Java heap size (-Xmx/-Xms)
#   Decrease number of Java threads
#   Decrease Java thread stack sizes (-Xss)
#   Set larger code cache with -XX:ReservedCodeCacheSize=
# This output file may be truncated or incomplete.
#
#  Out of Memory Error (./src/hotspot/os/windows/os_windows.cpp:3301), pid=105032, tid=95820
#
# JRE version: OpenJDK Runtime Environment AdoptOpenJDK-11.0.11+9 (11.0.11+9) (build 11.0.11+9)
# Java VM: OpenJDK 64-Bit Client VM AdoptOpenJDK-11.0.11+9 (11.0.11+9, mixed mode, g1 gc, windows-amd64)
# No core dump will be written. Minidumps are not enabled by default on client versions of Windows
#

---------------  S U M M A R Y ------------

Command Line: -Dosgi.requiredJavaVersion=1.8 -Dosgi.instance.area.default=@user.home/STM32CubeIDE/workspace_1.8.0 -Declipse.buildId=Version 1.8.0 -DproductMaturityGrade=mm -XX:+UseG1GC -XX:+UseStringDeduplication -Xms256m -Xmx1024m -Djavax.net.ssl.trustStoreType=WINDOWS-ROOT 

Host: AMD Ryzen 5 4500U with Radeon Graphics         , 6 cores, 7G,  Windows 10 , 64 bit Build 22000 (10.0.22000.2538)
Time: Tue Feb 17 10:14:53 2026 W. Europe Standard Time elapsed time: 96.272298 seconds (0d 0h 1m 36s)

---------------  T H R E A D  ---------------

Current thread (0x0000000053423000):  VMThread "VM Thread" [stack: 0x0000000053f60000,0x0000000054060000] [id=95820]

Stack: [0x0000000053f60000,0x0000000054060000]
[error occurred during error reporting (printing stack bounds), id 0xc0000005, EXCEPTION_ACCESS_VIOLATION (0xc0000005) at pc=0x000000000bc20ca0]

Native frames: (J=compiled Java code, j=interpreted, Vv=VM code, C=native code)
V  [jvm.dll+0x36af0a]
V  [jvm.dll+0x49110e]
V  [jvm.dll+0x4928c9]
V  [jvm.dll+0x492f05]
V  [jvm.dll+0x492ebb]
V  [jvm.dll+0x36a3b3]
V  [jvm.dll+0x36ab18]
C  [ntdll.dll+0xa8cdf]
C  [ntdll.dll+0x35bea]
C  [ntdll.dll+0xa7cce]
C  0x000000000bc20ca0

VM_Operation (0x000000006e5dc330): G1CollectForAllocation, mode: safepoint, requested by thread 0x0000000060163800


---------------  P R O C E S S  ---------------

Threads class SMR info:
_java_thread_list=0x00000000603b7920, length=49, elements={
0x00000000029ba000, 0x0000000053428000, 0x00000000541a2800, 0x0000000053445000,
0x0000000053446000, 0x000000005344f000, 0x0000000053452000, 0x00000000541ac000,
0x00000000542a9800, 0x0000000055cad800, 0x0000000055dbf800, 0x0000000055dc0800,
0x0000000055ddd800, 0x000000005618b800, 0x000000005618d000, 0x000000005618c000,
0x000000005618f800, 0x0000000056189800, 0x000000005618a800, 0x000000005618e800,
0x0000000056190000, 0x0000000058ff9000, 0x0000000058ff5000, 0x0000000058ff6000,
0x0000000058ff6800, 0x0000000058ff7800, 0x0000000058ff8800, 0x0000000058ffa000,
0x0000000058ff4800, 0x0000000059000800, 0x0000000058fff800, 0x0000000058ffe000,
0x0000000058ffb800, 0x0000000058fff000, 0x0000000059001800, 0x0000000058ffd800,
0x0000000059002000, 0x000000006015c800, 0x000000006015d800, 0x000000006015f000,
0x0000000060160000, 0x000000006015a800, 0x0000000060161800, 0x000000006015c000,
0x0000000060168000, 0x0000000060161000, 0x0000000060163800, 0x000000006015b000,
0x0000000060162800
}

Java Threads: ( => current thread )
  0x00000000029ba000 JavaThread "main" [_thread_in_native, id=105336, stack(0x0000000000a00000,0x0000000000b00000)]
  0x0000000053428000 JavaThread "Reference Handler" daemon [_thread_blocked, id=101528, stack(0x0000000054060000,0x0000000054160000)]
  0x00000000541a2800 JavaThread "Finalizer" daemon [_thread_blocked, id=107948, stack(0x0000000054560000,0x0000000054660000)]
  0x0000000053445000 JavaThread "Signal Dispatcher" daemon [_thread_blocked, id=106516, stack(0x0000000054760000,0x0000000054860000)]
  0x0000000053446000 JavaThread "Attach Listener" daemon [_thread_blocked, id=105036, stack(0x0000000054860000,0x0000000054960000)]
  0x000000005344f000 JavaThread "Service Thread" daemon [_thread_blocked, id=109196, stack(0x0000000054960000,0x0000000054a60000)]
  0x0000000053452000 JavaThread "C1 CompilerThread0" daemon [_thread_blocked, id=101716, stack(0x0000000054a60000,0x0000000054b60000)]
  0x00000000541ac000 JavaThread "Sweeper thread" daemon [_thread_blocked, id=95752, stack(0x0000000054b60000,0x0000000054c60000)]
  0x00000000542a9800 JavaThread "Common-Cleaner" daemon [_thread_blocked, id=105096, stack(0x0000000054d60000,0x0000000054e60000)]
  0x0000000055cad800 JavaThread "Active Thread: Equinox Container: 55208b24-f842-41fc-bb7d-2fe9ed857b09" [_thread_blocked, id=108708, stack(0x0000000056d40000,0x0000000056e40000)]
  0x0000000055dbf800 JavaThread "Framework Event Dispatcher: Equinox Container: 55208b24-f842-41fc-bb7d-2fe9ed857b09" daemon [_thread_blocked, id=98308, stack(0x0000000057140000,0x0000000057240000)]
  0x0000000055dc0800 JavaThread "Start Level: Equinox Container: 55208b24-f842-41fc-bb7d-2fe9ed857b09" daemon [_thread_blocked, id=97340, stack(0x0000000057340000,0x0000000057440000)]
  0x0000000055ddd800 JavaThread "SCR Component Actor" daemon [_thread_blocked, id=103880, stack(0x0000000057540000,0x0000000057640000)]
  0x000000005618b800 JavaThread "Worker-JM" [_thread_blocked, id=108968, stack(0x0000000059560000,0x0000000059660000)]
  0x000000005618d000 JavaThread "Gogo shell" [_thread_blocked, id=106948, stack(0x0000000059860000,0x0000000059960000)]
  0x000000005618c000 JavaThread "Worker-0" [_thread_blocked, id=107044, stack(0x000000005a460000,0x000000005a560000)]
  0x000000005618f800 JavaThread "EMF Reference Cleaner" daemon [_thread_blocked, id=106540, stack(0x000000005a820000,0x000000005a920000)]
  0x0000000056189800 JavaThread "Bundle File Closer" daemon [_thread_blocked, id=107412, stack(0x000000005a920000,0x000000005aa20000)]
  0x000000005618a800 JavaThread "ForkJoinPool.commonPool-worker-3" daemon [_thread_blocked, id=106868, stack(0x000000005d320000,0x000000005d420000)]
  0x000000005618e800 JavaThread "EventAdmin Async Event Dispatcher Thread" daemon [_thread_blocked, id=106296, stack(0x000000005e870000,0x000000005e970000)]
  0x0000000056190000 JavaThread "pool-1-thread-1" [_thread_blocked, id=104940, stack(0x000000005e970000,0x000000005ea70000)]
  0x0000000058ff9000 JavaThread "pool-2-thread-1" [_thread_blocked, id=101168, stack(0x000000005ea70000,0x000000005eb70000)]
  0x0000000058ff5000 JavaThread "Worker-1" [_thread_blocked, id=108604, stack(0x000000005eb70000,0x000000005ec70000)]
  0x0000000058ff6000 JavaThread "Worker-2" [_thread_blocked, id=102800, stack(0x0000000062dc0000,0x0000000062ec0000)]
  0x0000000058ff6800 JavaThread "Worker-3" [_thread_blocked, id=106188, stack(0x0000000062ec0000,0x0000000062fc0000)]
  0x0000000058ff7800 JavaThread "Worker-4" [_thread_blocked, id=106652, stack(0x0000000062fc0000,0x00000000630c0000)]
  0x0000000058ff8800 JavaThread "Worker-5" [_thread_blocked, id=107012, stack(0x00000000630c0000,0x00000000631c0000)]
  0x0000000058ffa000 JavaThread "Worker-6" [_thread_blocked, id=38584, stack(0x00000000631c0000,0x00000000632c0000)]
  0x0000000058ff4800 JavaThread "Worker-7" [_thread_blocked, id=100548, stack(0x00000000632c0000,0x00000000633c0000)]
  0x0000000059000800 JavaThread "Worker-8" [_thread_blocked, id=108084, stack(0x00000000633c0000,0x00000000634c0000)]
  0x0000000058fff800 JavaThread "Worker-9" [_thread_blocked, id=2644, stack(0x00000000634c0000,0x00000000635c0000)]
  0x0000000058ffe000 JavaThread "Worker-10" [_thread_blocked, id=97644, stack(0x00000000636c0000,0x00000000637c0000)]
  0x0000000058ffb800 JavaThread "Worker-11" [_thread_blocked, id=107532, stack(0x00000000637c0000,0x00000000638c0000)]
  0x0000000058fff000 JavaThread "Worker-12" [_thread_blocked, id=99952, stack(0x00000000638c0000,0x00000000639c0000)]
  0x0000000059001800 JavaThread "Worker-13" [_thread_blocked, id=106572, stack(0x00000000639c0000,0x0000000063ac0000)]
  0x0000000058ffd800 JavaThread "Worker-14" [_thread_blocked, id=99836, stack(0x0000000063ac0000,0x0000000063bc0000)]
  0x0000000059002000 JavaThread "Worker-15" [_thread_blocked, id=95208, stack(0x0000000063bc0000,0x0000000063cc0000)]
  0x000000006015c800 JavaThread "Java2D Disposer" daemon [_thread_blocked, id=100756, stack(0x0000000064310000,0x0000000064410000)]
  0x000000006015d800 JavaThread "AWT-Windows" daemon [_thread_in_native, id=109284, stack(0x0000000064660000,0x0000000064760000)]
  0x000000006015f000 JavaThread "pool-3-thread-1" [_thread_blocked, id=104660, stack(0x00000000635c0000,0x00000000636c0000)]
  0x0000000060160000 JavaThread "ForkJoinPool.commonPool-worker-5" daemon [_thread_blocked, id=106060, stack(0x0000000066430000,0x0000000066530000)]
  0x000000006015a800 JavaThread "ForkJoinPool.commonPool-worker-7" daemon [_thread_blocked, id=102784, stack(0x0000000066a30000,0x0000000066b30000)]
  0x0000000060161800 JavaThread "RMI TCP Accept-41337" daemon [_thread_in_native, id=55636, stack(0x0000000066c30000,0x0000000066d30000)]
  0x000000006015c000 JavaThread "RMI Reaper" [_thread_blocked, id=108944, stack(0x0000000066d30000,0x0000000066e30000)]
  0x0000000060168000 JavaThread "RMI GC Daemon" daemon [_thread_blocked, id=104124, stack(0x0000000066e30000,0x0000000066f30000)]
  0x0000000060161000 JavaThread "Serial Ports Filter" daemon [_thread_blocked, id=104084, stack(0x0000000066730000,0x0000000066830000)]
  0x0000000060163800 JavaThread "Thread-18" [_thread_blocked, id=109312, stack(0x000000006e4e0000,0x000000006e5e0000)]
  0x000000006015b000 JavaThread "Provisioning Event Dispatcher" daemon [_thread_blocked, id=100056, stack(0x000000006dfe0000,0x000000006e0e0000)]
  0x0000000060162800 JavaThread "org.eclipse.cdt.internal.ui.text.CReconciler" daemon [_thread_blocked, id=96068, stack(0x0000000000f50000,0x0000000001050000)]

Other Threads:
=>0x0000000053423000 VMThread "VM Thread" [stack: 0x0000000053f60000,0x0000000054060000] [id=95820]
  0x00000000542a8800 WatcherThread [stack: 0x0000000054c60000,0x0000000054d60000] [id=107376]
  0x00000000029d0800 GCTaskThread "GC Thread#0" [stack: 0x000000000dc20000,0x000000000dd20000] [id=105156]
  0x0000000055c15800 GCTaskThread "GC Thread#1" [stack: 0x0000000056540000,0x0000000056640000] [id=104580]
  0x0000000055c59800 GCTaskThread "GC Thread#2" [stack: 0x0000000056640000,0x0000000056740000] [id=107664]
  0x0000000055c1c800 GCTaskThread "GC Thread#3" [stack: 0x0000000056740000,0x0000000056840000] [id=106828]
  0x0000000055c0f000 GCTaskThread "GC Thread#4" [stack: 0x0000000056840000,0x0000000056940000] [id=84388]
  0x0000000055c0f800 GCTaskThread "GC Thread#5" [stack: 0x0000000056940000,0x0000000056a40000] [id=104400]
  0x00000000029ea800 ConcurrentGCThread "G1 Main Marker" [stack: 0x0000000050a00000,0x0000000050b00000] [id=3976]
  0x00000000029f0000 ConcurrentGCThread "G1 Conc#0" [stack: 0x0000000050b00000,0x0000000050c00000] [id=106648]
  0x0000000055d7b800 ConcurrentGCThread "G1 Conc#1" [stack: 0x0000000057040000,0x0000000057140000] [id=105756]
  0x0000000002a9e000 ConcurrentGCThread "G1 Refine#0" [stack: 0x0000000053460000,0x0000000053560000] [id=98432]
  0x000000005455e000 ConcurrentGCThread "G1 Refine#1" [stack: 0x0000000056a40000,0x0000000056b40000] [id=109276]
  0x0000000055c17800 ConcurrentGCThread "G1 Refine#2" [stack: 0x0000000056b40000,0x0000000056c40000] [id=97332]
  0x00000000532b7000 ConcurrentGCThread "G1 Refine#3" [stack: 0x0000000056c40000,0x0000000056d40000] [id=100272]
  0x0000000055fce800 ConcurrentGCThread "G1 Refine#4" [stack: 0x0000000057840000,0x0000000057940000] [id=106488]
  0x00000000532ae800 ConcurrentGCThread "G1 Young RemSet Sampling" [stack: 0x0000000053560000,0x0000000053660000] [id=109400]
  0x00000000532b9000 ConcurrentGCThread "StrDedup" [stack: 0x0000000053660000,0x0000000053760000] [id=97884]

Threads with active compile tasks:

VM state:at safepoint (normal execution)

VM Mutex/Monitor currently owned by a thread:  ([mutex/lock_event])
[0x00000000029b57c0] Threads_lock - owner thread: 0x0000000053423000
[0x00000000029b4ad0] Heap_lock - owner thread: 0x0000000060163800

Heap:
 garbage-first heap   total 494592K, used 407777K [0x000000000e400000, 0x000000004e400000)
  region size 1024K, 3 young (3072K), 3 survivors (3072K)
 Metaspace       used 98236K, capacity 105061K, committed 106156K, reserved 106496K
Heap Regions: E=young(eden), S=young(survivor), O=old, HS=humongous(starts), HC=humongous(continues), CS=collection set, F=free, A=archive, TAMS=top-at-mark-start (previous, next)
|   0|0x000000000e400000, 0x000000000e500000, 0x000000000e500000|100%| O|  |TAMS 0x000000000e500000, 0x000000000e500000| Untracked 
|   1|0x000000000e500000, 0x000000000e600000, 0x000000000e600000|100%| O|  |TAMS 0x000000000e600000, 0x000000000e600000| Untracked 
|   2|0x000000000e600000, 0x000000000e700000, 0x000000000e700000|100%| O|  |TAMS 0x000000000e700000, 0x000000000e700000| Untracked 
|   3|0x000000000e700000, 0x000000000e800000, 0x000000000e800000|100%| O|  |TAMS 0x000000000e800000, 0x000000000e800000| Untracked 
|   4|0x000000000e800000, 0x000000000e900000, 0x000000000e900000|100%| O|  |TAMS 0x000000000e900000, 0x000000000e900000| Untracked 
|   5|0x000000000e900000, 0x000000000ea00000, 0x000000000ea00000|100%| O|  |TAMS 0x000000000ea00000, 0x000000000ea00000| Untracked 
|   6|0x000000000ea00000, 0x000000000eb00000, 0x000000000eb00000|100%| O|  |TAMS 0x000000000eb00000, 0x000000000eb00000| Untracked 
|   7|0x000000000eb00000, 0x000000000ec00000, 0x000000000ec00000|100%| O|  |TAMS 0x000000000ec00000, 0x000000000ec00000| Untracked 
|   8|0x000000000ec00000, 0x000000000ed00000, 0x000000000ed00000|100%| O|  |TAMS 0x000000000ed00000, 0x000000000ed00000| Untracked 
|   9|0x000000000ed00000, 0x000000000ee00000, 0x000000000ee00000|100%| O|  |TAMS 0x000000000ee00000, 0x000000000ee00000| Untracked 
|  10|0x000000000ee00000, 0x000000000ef00000, 0x000000000ef00000|100%| O|  |TAMS 0x000000000ef00000, 0x000000000ef00000| Untracked 
|  11|0x000000000ef00000, 0x000000000f000000, 0x000000000f000000|100%|HS|  |TAMS 0x000000000f000000, 0x000000000f000000| Complete 
|  12|0x000000000f000000, 0x000000000f100000, 0x000000000f100000|100%| O|  |TAMS 0x000000000f100000, 0x000000000f100000| Untracked 
|  13|0x000000000f100000, 0x000000000f200000, 0x000000000f200000|100%| O|  |TAMS 0x000000000f200000, 0x000000000f200000| Untracked 
|  14|0x000000000f200000, 0x000000000f300000, 0x000000000f300000|100%| O|  |TAMS 0x000000000f300000, 0x000000000f300000| Untracked 
|  15|0x000000000f300000, 0x000000000f400000, 0x000000000f400000|100%|HS|  |TAMS 0x000000000f400000, 0x000000000f400000| Complete 
|  16|0x000000000f400000, 0x000000000f500000, 0x000000000f500000|100%| O|  |TAMS 0x000000000f500000, 0x000000000f500000| Untracked 
|  17|0x000000000f500000, 0x000000000f600000, 0x000000000f600000|100%| O|  |TAMS 0x000000000f600000, 0x000000000f600000| Untracked 
|  18|0x000000000f600000, 0x000000000f700000, 0x000000000f700000|100%| O|  |TAMS 0x000000000f700000, 0x000000000f700000| Untracked 
|  19|0x000000000f700000, 0x000000000f800000, 0x000000000f800000|100%| O|  |TAMS 0x000000000f800000, 0x000000000f800000| Untracked 
|  20|0x000000000f800000, 0x000000000f900000, 0x000000000f900000|100%| O|  |TAMS 0x000000000f900000, 0x000000000f900000| Untracked 
|  21|0x000000000f900000, 0x000000000fa00000, 0x000000000fa00000|100%| O|  |TAMS 0x000000000fa00000, 0x000000000fa00000| Untracked 
|  22|0x000000000fa00000, 0x000000000fb00000, 0x000000000fb00000|100%| O|  |TAMS 0x000000000fb00000, 0x000000000fb00000| Untracked 
|  23|0x000000000fb00000, 0x000000000fc00000, 0x000000000fc00000|100%| O|  |TAMS 0x000000000fc00000, 0x000000000fc00000| Untracked 
|  24|0x000000000fc00000, 0x000000000fd00000, 0x000000000fd00000|100%| O|  |TAMS 0x000000000fd00000, 0x000000000fd00000| Untracked 
|  25|0x000000000fd00000, 0x000000000fe00000, 0x000000000fe00000|100%| O|  |TAMS 0x000000000fe00000, 0x000000000fe00000| Untracked 
|  26|0x000000000fe00000, 0x000000000ff00000, 0x000000000ff00000|100%| O|  |TAMS 0x000000000ff00000, 0x000000000ff00000| Untracked 
|  27|0x000000000ff00000, 0x0000000010000000, 0x0000000010000000|100%| O|  |TAMS 0x0000000010000000, 0x0000000010000000| Untracked 
|  28|0x0000000010000000, 0x0000000010100000, 0x0000000010100000|100%| O|  |TAMS 0x0000000010100000, 0x0000000010100000| Untracked 
|  29|0x0000000010100000, 0x0000000010200000, 0x0000000010200000|100%| O|  |TAMS 0x0000000010200000, 0x0000000010200000| Untracked 
|  30|0x0000000010200000, 0x0000000010300000, 0x0000000010300000|100%| O|  |TAMS 0x0000000010300000, 0x0000000010300000| Untracked 
|  31|0x0000000010300000, 0x0000000010400000, 0x0000000010400000|100%| O|  |TAMS 0x0000000010400000, 0x0000000010400000| Untracked 
|  32|0x0000000010400000, 0x0000000010500000, 0x0000000010500000|100%| O|  |TAMS 0x0000000010500000, 0x0000000010500000| Untracked 
|  33|0x0000000010500000, 0x0000000010600000, 0x0000000010600000|100%| O|  |TAMS 0x0000000010600000, 0x0000000010600000| Untracked 
|  34|0x0000000010600000, 0x0000000010700000, 0x0000000010700000|100%| O|  |TAMS 0x0000000010700000, 0x0000000010700000| Untracked 
|  35|0x0000000010700000, 0x0000000010800000, 0x0000000010800000|100%| O|  |TAMS 0x0000000010800000, 0x0000000010800000| Untracked 
|  36|0x0000000010800000, 0x0000000010900000, 0x0000000010900000|100%| O|  |TAMS 0x0000000010900000, 0x0000000010900000| Untracked 
|  37|0x0000000010900000, 0x0000000010a00000, 0x0000000010a00000|100%| O|  |TAMS 0x0000000010a00000, 0x0000000010a00000| Untracked 
|  38|0x0000000010a00000, 0x0000000010b00000, 0x0000000010b00000|100%| O|  |TAMS 0x0000000010b00000, 0x0000000010b00000| Untracked 
|  39|0x0000000010b00000, 0x0000000010c00000, 0x0000000010c00000|100%| O|  |TAMS 0x0000000010c00000, 0x0000000010c00000| Untracked 
|  40|0x0000000010c00000, 0x0000000010d00000, 0x0000000010d00000|100%| O|  |TAMS 0x0000000010d00000, 0x0000000010d00000| Untracked 
|  41|0x0000000010d00000, 0x0000000010e00000, 0x0000000010e00000|100%| O|  |TAMS 0x0000000010e00000, 0x0000000010e00000| Untracked 
|  42|0x0000000010e00000, 0x0000000010f00000, 0x0000000010f00000|100%| O|  |TAMS 0x0000000010f00000, 0x0000000010f00000| Untracked 
|  43|0x0000000010f00000, 0x0000000011000000, 0x0000000011000000|100%| O|  |TAMS 0x0000000011000000, 0x0000000011000000| Untracked 
|  44|0x0000000011000000, 0x0000000011100000, 0x0000000011100000|100%| O|  |TAMS 0x0000000011100000, 0x0000000011100000| Untracked 
|  45|0x0000000011100000, 0x0000000011200000, 0x0000000011200000|100%|HS|  |TAMS 0x0000000011200000, 0x0000000011200000| Complete 
|  46|0x0000000011200000, 0x0000000011300000, 0x0000000011300000|100%| O|  |TAMS 0x0000000011300000, 0x0000000011300000| Untracked 
|  47|0x0000000011300000, 0x0000000011400000, 0x0000000011400000|100%| O|  |TAMS 0x0000000011400000, 0x0000000011400000| Untracked 
|  48|0x0000000011400000, 0x0000000011500000, 0x0000000011500000|100%| O|  |TAMS 0x0000000011500000, 0x0000000011500000| Untracked 
|  49|0x0000000011500000, 0x0000000011600000, 0x0000000011600000|100%| O|  |TAMS 0x0000000011600000, 0x0000000011600000| Untracked 
|  50|0x0000000011600000, 0x0000000011700000, 0x0000000011700000|100%| O|  |TAMS 0x0000000011700000, 0x0000000011700000| Untracked 
|  51|0x0000000011700000, 0x0000000011800000, 0x0000000011800000|100%| O|  |TAMS 0x0000000011800000, 0x0000000011800000| Untracked 
|  52|0x0000000011800000, 0x0000000011900000, 0x0000000011900000|100%| O|  |TAMS 0x0000000011900000, 0x0000000011900000| Untracked 
|  53|0x0000000011900000, 0x0000000011a00000, 0x0000000011a00000|100%| O|  |TAMS 0x0000000011a00000, 0x0000000011a00000| Untracked 
|  54|0x0000000011a00000, 0x0000000011b00000, 0x0000000011b00000|100%| O|  |TAMS 0x0000000011b00000, 0x0000000011b00000| Untracked 
|  55|0x0000000011b00000, 0x0000000011c00000, 0x0000000011c00000|100%| O|  |TAMS 0x0000000011c00000, 0x0000000011c00000| Untracked 
|  56|0x0000000011c00000, 0x0000000011d00000, 0x0000000011d00000|100%| O|  |TAMS 0x0000000011d00000, 0x0000000011d00000| Untracked 
|  57|0x0000000011d00000, 0x0000000011e00000, 0x0000000011e00000|100%| O|  |TAMS 0x0000000011d00000, 0x0000000011e00000| Untracked 
|  58|0x0000000011e00000, 0x0000000011f00000, 0x0000000011f00000|100%| O|  |TAMS 0x0000000011e00000, 0x0000000011f00000| Untracked 
|  59|0x0000000011f00000, 0x0000000012000000, 0x0000000012000000|100%| O|  |TAMS 0x0000000012000000, 0x0000000012000000| Untracked 
|  60|0x0000000012000000, 0x0000000012100000, 0x0000000012100000|100%| O|  |TAMS 0x0000000012100000, 0x0000000012100000| Untracked 
|  61|0x0000000012100000, 0x0000000012200000, 0x0000000012200000|100%| O|  |TAMS 0x0000000012200000, 0x0000000012200000| Untracked 
|  62|0x0000000012200000, 0x0000000012300000, 0x0000000012300000|100%| O|  |TAMS 0x0000000012300000, 0x0000000012300000| Untracked 
|  63|0x0000000012300000, 0x0000000012400000, 0x0000000012400000|100%| O|  |TAMS 0x0000000012400000, 0x0000000012400000| Untracked 
|  64|0x0000000012400000, 0x0000000012500000, 0x0000000012500000|100%| O|  |TAMS 0x0000000012500000, 0x0000000012500000| Untracked 
|  65|0x0000000012500000, 0x0000000012600000, 0x0000000012600000|100%| O|  |TAMS 0x0000000012600000, 0x0000000012600000| Untracked 
|  66|0x0000000012600000, 0x0000000012700000, 0x0000000012700000|100%| O|  |TAMS 0x0000000012700000, 0x0000000012700000| Untracked 
|  67|0x0000000012700000, 0x0000000012800000, 0x0000000012800000|100%| O|  |TAMS 0x0000000012800000, 0x0000000012800000| Untracked 
|  68|0x0000000012800000, 0x0000000012900000, 0x0000000012900000|100%| O|  |TAMS 0x0000000012900000, 0x0000000012900000| Untracked 
|  69|0x0000000012900000, 0x0000000012a00000, 0x0000000012a00000|100%|HS|  |TAMS 0x0000000012a00000, 0x0000000012a00000| Complete 
|  70|0x0000000012a00000, 0x0000000012b00000, 0x0000000012b00000|100%| O|  |TAMS 0x0000000012b00000, 0x0000000012b00000| Untracked 
|  71|0x0000000012b00000, 0x0000000012c00000, 0x0000000012c00000|100%| O|  |TAMS 0x0000000012c00000, 0x0000000012c00000| Untracked 
|  72|0x0000000012c00000, 0x0000000012d00000, 0x0000000012d00000|100%|HS|  |TAMS 0x0000000012d00000, 0x0000000012d00000| Complete 
|  73|0x0000000012d00000, 0x0000000012e00000, 0x0000000012e00000|100%| O|  |TAMS 0x0000000012e00000, 0x0000000012e00000| Untracked 
|  74|0x0000000012e00000, 0x0000000012f00000, 0x0000000012f00000|100%| O|  |TAMS 0x0000000012f00000, 0x0000000012f00000| Untracked 
|  75|0x0000000012f00000, 0x0000000012faa600, 0x0000000013000000| 66%| O|  |TAMS 0x0000000012f00000, 0x0000000012faa600| Untracked 
|  76|0x0000000013000000, 0x0000000013100000, 0x0000000013100000|100%|HS|  |TAMS 0x0000000013100000, 0x0000000013100000| Complete 
|  77|0x0000000013100000, 0x0000000013200000, 0x0000000013200000|100%| O|  |TAMS 0x0000000013200000, 0x0000000013200000| Untracked 
|  78|0x0000000013200000, 0x0000000013300000, 0x0000000013300000|100%| O|  |TAMS 0x0000000013200000, 0x0000000013300000| Untracked 
|  79|0x0000000013300000, 0x0000000013400000, 0x0000000013400000|100%|HS|  |TAMS 0x0000000013400000, 0x0000000013400000| Complete 
|  80|0x0000000013400000, 0x0000000013500000, 0x0000000013500000|100%|HS|  |TAMS 0x0000000013500000, 0x0000000013500000| Complete 
|  81|0x0000000013500000, 0x0000000013600000, 0x0000000013600000|100%|HS|  |TAMS 0x0000000013600000, 0x0000000013600000| Complete 
|  82|0x0000000013600000, 0x0000000013700000, 0x0000000013700000|100%| O|  |TAMS 0x0000000013700000, 0x0000000013700000| Untracked 
|  83|0x0000000013700000, 0x0000000013800000, 0x0000000013800000|100%| O|  |TAMS 0x0000000013800000, 0x0000000013800000| Untracked 
|  84|0x0000000013800000, 0x0000000013900000, 0x0000000013900000|100%| O|  |TAMS 0x0000000013900000, 0x0000000013900000| Untracked 
|  85|0x0000000013900000, 0x0000000013a00000, 0x0000000013a00000|100%|HS|  |TAMS 0x0000000013a00000, 0x0000000013a00000| Complete 
|  86|0x0000000013a00000, 0x0000000013b00000, 0x0000000013b00000|100%| O|  |TAMS 0x0000000013b00000, 0x0000000013b00000| Untracked 
|  87|0x0000000013b00000, 0x0000000013c00000, 0x0000000013c00000|100%| O|  |TAMS 0x0000000013c00000, 0x0000000013c00000| Untracked 
|  88|0x0000000013c00000, 0x0000000013d00000, 0x0000000013d00000|100%| O|  |TAMS 0x0000000013c00000, 0x0000000013d00000| Untracked 
|  89|0x0000000013d00000, 0x0000000013e00000, 0x0000000013e00000|100%| O|  |TAMS 0x0000000013e00000, 0x0000000013e00000| Untracked 
|  90|0x0000000013e00000, 0x0000000013f00000, 0x0000000013f00000|100%| O|  |TAMS 0x0000000013f00000, 0x0000000013f00000| Untracked 
|  91|0x0000000013f00000, 0x0000000014000000, 0x0000000014000000|100%| O|  |TAMS 0x0000000014000000, 0x0000000014000000| Untracked 
|  92|0x0000000014000000, 0x0000000014100000, 0x0000000014100000|100%|HS|  |TAMS 0x0000000014100000, 0x0000000014100000| Complete 
|  93|0x0000000014100000, 0x0000000014200000, 0x0000000014200000|100%| O|  |TAMS 0x0000000014200000, 0x0000000014200000| Untracked 
|  94|0x0000000014200000, 0x0000000014300000, 0x0000000014300000|100%| O|  |TAMS 0x0000000014200000, 0x0000000014300000| Untracked 
|  95|0x0000000014300000, 0x0000000014400000, 0x0000000014400000|100%| O|  |TAMS 0x0000000014400000, 0x0000000014400000| Untracked 
|  96|0x0000000014400000, 0x0000000014500000, 0x0000000014500000|100%| O|  |TAMS 0x0000000014500000, 0x0000000014500000| Untracked 
|  97|0x0000000014500000, 0x0000000014600000, 0x0000000014600000|100%| O|  |TAMS 0x0000000014600000, 0x0000000014600000| Untracked 
|  98|0x0000000014600000, 0x0000000014700000, 0x0000000014700000|100%| O|  |TAMS 0x0000000014700000, 0x0000000014700000| Untracked 
|  99|0x0000000014700000, 0x0000000014800000, 0x0000000014800000|100%| O|  |TAMS 0x0000000014800000, 0x0000000014800000| Untracked 
| 100|0x0000000014800000, 0x0000000014900000, 0x0000000014900000|100%| O|  |TAMS 0x0000000014900000, 0x0000000014900000| Untracked 
| 101|0x0000000014900000, 0x0000000014a00000, 0x0000000014a00000|100%| O|  |TAMS 0x0000000014a00000, 0x0000000014a00000| Untracked 
| 102|0x0000000014a00000, 0x0000000014b00000, 0x0000000014b00000|100%| O|  |TAMS 0x0000000014b00000, 0x0000000014b00000| Untracked 
| 103|0x0000000014b00000, 0x0000000014c00000, 0x0000000014c00000|100%| O|  |TAMS 0x0000000014c00000, 0x0000000014c00000| Untracked 
| 104|0x0000000014c00000, 0x0000000014d00000, 0x0000000014d00000|100%| O|  |TAMS 0x0000000014d00000, 0x0000000014d00000| Untracked 
| 105|0x0000000014d00000, 0x0000000014e00000, 0x0000000014e00000|100%| O|  |TAMS 0x0000000014e00000, 0x0000000014e00000| Untracked 
| 106|0x0000000014e00000, 0x0000000014f00000, 0x0000000014f00000|100%| O|  |TAMS 0x0000000014f00000, 0x0000000014f00000| Untracked 
| 107|0x0000000014f00000, 0x0000000015000000, 0x0000000015000000|100%| O|  |TAMS 0x0000000015000000, 0x0000000015000000| Untracked 
| 108|0x0000000015000000, 0x0000000015100000, 0x0000000015100000|100%| O|  |TAMS 0x0000000015100000, 0x0000000015100000| Untracked 
| 109|0x0000000015100000, 0x0000000015200000, 0x0000000015200000|100%| O|  |TAMS 0x0000000015200000, 0x0000000015200000| Untracked 
| 110|0x0000000015200000, 0x0000000015300000, 0x0000000015300000|100%| O|  |TAMS 0x0000000015300000, 0x0000000015300000| Untracked 
| 111|0x0000000015300000, 0x0000000015400000, 0x0000000015400000|100%|HS|  |TAMS 0x0000000015400000, 0x0000000015400000| Complete 
| 112|0x0000000015400000, 0x0000000015500000, 0x0000000015500000|100%| O|  |TAMS 0x0000000015500000, 0x0000000015500000| Untracked 
| 113|0x0000000015500000, 0x0000000015600000, 0x0000000015600000|100%| O|  |TAMS 0x0000000015600000, 0x0000000015600000| Untracked 
| 114|0x0000000015600000, 0x0000000015700000, 0x0000000015700000|100%| O|  |TAMS 0x0000000015700000, 0x0000000015700000| Untracked 
| 115|0x0000000015700000, 0x0000000015800000, 0x0000000015800000|100%|HS|  |TAMS 0x0000000015800000, 0x0000000015800000| Complete 
| 116|0x0000000015800000, 0x0000000015900000, 0x0000000015900000|100%| O|  |TAMS 0x0000000015800000, 0x0000000015900000| Untracked 
| 117|0x0000000015900000, 0x0000000015a00000, 0x0000000015a00000|100%| O|  |TAMS 0x0000000015a00000, 0x0000000015a00000| Untracked 
| 118|0x0000000015a00000, 0x0000000015b00000, 0x0000000015b00000|100%| O|  |TAMS 0x0000000015b00000, 0x0000000015b00000| Untracked 
| 119|0x0000000015b00000, 0x0000000015c00000, 0x0000000015c00000|100%| O|  |TAMS 0x0000000015c00000, 0x0000000015c00000| Untracked 
| 120|0x0000000015c00000, 0x0000000015d00000, 0x0000000015d00000|100%| O|  |TAMS 0x0000000015d00000, 0x0000000015d00000| Untracked 
| 121|0x0000000015d00000, 0x0000000015e00000, 0x0000000015e00000|100%| O|  |TAMS 0x0000000015e00000, 0x0000000015e00000| Untracked 
| 122|0x0000000015e00000, 0x0000000015f00000, 0x0000000015f00000|100%| O|  |TAMS 0x0000000015f00000, 0x0000000015f00000| Untracked 
| 123|0x0000000015f00000, 0x0000000016000000, 0x0000000016000000|100%|HS|  |TAMS 0x0000000016000000, 0x0000000016000000| Complete 
| 124|0x0000000016000000, 0x0000000016100000, 0x0000000016100000|100%| O|  |TAMS 0x0000000016100000, 0x0000000016100000| Untracked 
| 125|0x0000000016100000, 0x0000000016200000, 0x0000000016200000|100%| O|  |TAMS 0x0000000016200000, 0x0000000016200000| Untracked 
| 126|0x0000000016200000, 0x0000000016300000, 0x0000000016300000|100%| O|  |TAMS 0x0000000016300000, 0x0000000016300000| Untracked 
| 127|0x0000000016300000, 0x0000000016400000, 0x0000000016400000|100%| O|  |TAMS 0x0000000016400000, 0x0000000016400000| Untracked 
| 128|0x0000000016400000, 0x0000000016500000, 0x0000000016500000|100%| O|  |TAMS 0x0000000016500000, 0x0000000016500000| Untracked 
| 129|0x0000000016500000, 0x0000000016600000, 0x0000000016600000|100%|HS|  |TAMS 0x0000000016600000, 0x0000000016600000| Complete 
| 130|0x0000000016600000, 0x0000000016700000, 0x0000000016700000|100%| O|  |TAMS 0x0000000016700000, 0x0000000016700000| Untracked 
| 131|0x0000000016700000, 0x0000000016800000, 0x0000000016800000|100%| O|  |TAMS 0x0000000016800000, 0x0000000016800000| Untracked 
| 132|0x0000000016800000, 0x0000000016900000, 0x0000000016900000|100%| O|  |TAMS 0x0000000016900000, 0x0000000016900000| Untracked 
| 133|0x0000000016900000, 0x0000000016a00000, 0x0000000016a00000|100%| O|  |TAMS 0x0000000016a00000, 0x0000000016a00000| Untracked 
| 134|0x0000000016a00000, 0x0000000016b00000, 0x0000000016b00000|100%| O|  |TAMS 0x0000000016b00000, 0x0000000016b00000| Untracked 
| 135|0x0000000016b00000, 0x0000000016c00000, 0x0000000016c00000|100%| O|  |TAMS 0x0000000016c00000, 0x0000000016c00000| Untracked 
| 136|0x0000000016c00000, 0x0000000016d00000, 0x0000000016d00000|100%|HS|  |TAMS 0x0000000016d00000, 0x0000000016d00000| Complete 
| 137|0x0000000016d00000, 0x0000000016e00000, 0x0000000016e00000|100%|HS|  |TAMS 0x0000000016e00000, 0x0000000016e00000| Complete 
| 138|0x0000000016e00000, 0x0000000016f00000, 0x0000000016f00000|100%| O|  |TAMS 0x0000000016f00000, 0x0000000016f00000| Untracked 
| 139|0x0000000016f00000, 0x0000000017000000, 0x0000000017000000|100%| O|  |TAMS 0x0000000017000000, 0x0000000017000000| Untracked 
| 140|0x0000000017000000, 0x0000000017100000, 0x0000000017100000|100%| O|  |TAMS 0x0000000017100000, 0x0000000017100000| Untracked 
| 141|0x0000000017100000, 0x0000000017200000, 0x0000000017200000|100%| O|  |TAMS 0x0000000017200000, 0x0000000017200000| Untracked 
| 142|0x0000000017200000, 0x0000000017300000, 0x0000000017300000|100%| O|  |TAMS 0x0000000017300000, 0x0000000017300000| Untracked 
| 143|0x0000000017300000, 0x0000000017400000, 0x0000000017400000|100%| O|  |TAMS 0x0000000017400000, 0x0000000017400000| Untracked 
| 144|0x0000000017400000, 0x0000000017500000, 0x0000000017500000|100%| O|  |TAMS 0x0000000017500000, 0x0000000017500000| Untracked 
| 145|0x0000000017500000, 0x0000000017600000, 0x0000000017600000|100%| O|  |TAMS 0x0000000017600000, 0x0000000017600000| Untracked 
| 146|0x0000000017600000, 0x0000000017700000, 0x0000000017700000|100%|HS|  |TAMS 0x0000000017700000, 0x0000000017700000| Complete 
| 147|0x0000000017700000, 0x0000000017800000, 0x0000000017800000|100%| O|  |TAMS 0x0000000017800000, 0x0000000017800000| Untracked 
| 148|0x0000000017800000, 0x0000000017900000, 0x0000000017900000|100%| O|  |TAMS 0x0000000017900000, 0x0000000017900000| Untracked 
| 149|0x0000000017900000, 0x0000000017a00000, 0x0000000017a00000|100%|HS|  |TAMS 0x0000000017a00000, 0x0000000017a00000| Complete 
| 150|0x0000000017a00000, 0x0000000017b00000, 0x0000000017b00000|100%| O|  |TAMS 0x0000000017b00000, 0x0000000017b00000| Untracked 
| 151|0x0000000017b00000, 0x0000000017c00000, 0x0000000017c00000|100%| O|  |TAMS 0x0000000017c00000, 0x0000000017c00000| Untracked 
| 152|0x0000000017c00000, 0x0000000017d00000, 0x0000000017d00000|100%| O|  |TAMS 0x0000000017d00000, 0x0000000017d00000| Untracked 
| 153|0x0000000017d00000, 0x0000000017e00000, 0x0000000017e00000|100%| O|  |TAMS 0x0000000017e00000, 0x0000000017e00000| Untracked 
| 154|0x0000000017e00000, 0x0000000017f00000, 0x0000000017f00000|100%|HS|  |TAMS 0x0000000017f00000, 0x0000000017f00000| Complete 
| 155|0x0000000017f00000, 0x0000000018000000, 0x0000000018000000|100%| O|  |TAMS 0x0000000018000000, 0x0000000018000000| Untracked 
| 156|0x0000000018000000, 0x0000000018100000, 0x0000000018100000|100%|HS|  |TAMS 0x0000000018100000, 0x0000000018100000| Complete 
| 157|0x0000000018100000, 0x0000000018200000, 0x0000000018200000|100%| O|  |TAMS 0x0000000018200000, 0x0000000018200000| Untracked 
| 158|0x0000000018200000, 0x0000000018300000, 0x0000000018300000|100%|HS|  |TAMS 0x0000000018300000, 0x0000000018300000| Complete 
| 159|0x0000000018300000, 0x0000000018400000, 0x0000000018400000|100%| O|  |TAMS 0x0000000018400000, 0x0000000018400000| Untracked 
| 160|0x0000000018400000, 0x0000000018500000, 0x0000000018500000|100%|HS|  |TAMS 0x0000000018500000, 0x0000000018500000| Complete 
| 161|0x0000000018500000, 0x0000000018600000, 0x0000000018600000|100%| O|  |TAMS 0x0000000018600000, 0x0000000018600000| Untracked 
| 162|0x0000000018600000, 0x0000000018700000, 0x0000000018700000|100%| O|  |TAMS 0x0000000018700000, 0x0000000018700000| Untracked 
| 163|0x0000000018700000, 0x0000000018800000, 0x0000000018800000|100%|HS|  |TAMS 0x0000000018800000, 0x0000000018800000| Complete 
| 164|0x0000000018800000, 0x0000000018900000, 0x0000000018900000|100%|HS|  |TAMS 0x0000000018900000, 0x0000000018900000| Complete 
| 165|0x0000000018900000, 0x0000000018a00000, 0x0000000018a00000|100%| O|  |TAMS 0x0000000018a00000, 0x0000000018a00000| Untracked 
| 166|0x0000000018a00000, 0x0000000018b00000, 0x0000000018b00000|100%| O|  |TAMS 0x0000000018b00000, 0x0000000018b00000| Untracked 
| 167|0x0000000018b00000, 0x0000000018c00000, 0x0000000018c00000|100%| O|  |TAMS 0x0000000018c00000, 0x0000000018c00000| Untracked 
| 168|0x0000000018c00000, 0x0000000018d00000, 0x0000000018d00000|100%| O|  |TAMS 0x0000000018d00000, 0x0000000018d00000| Untracked 
| 169|0x0000000018d00000, 0x0000000018e00000, 0x0000000018e00000|100%| O|  |TAMS 0x0000000018e00000, 0x0000000018e00000| Untracked 
| 170|0x0000000018e00000, 0x0000000018f00000, 0x0000000018f00000|100%| O|  |TAMS 0x0000000018f00000, 0x0000000018f00000| Untracked 
| 171|0x0000000018f00000, 0x0000000019000000, 0x0000000019000000|100%| O|  |TAMS 0x0000000019000000, 0x0000000019000000| Untracked 
| 172|0x0000000019000000, 0x0000000019100000, 0x0000000019100000|100%| O|  |TAMS 0x0000000019100000, 0x0000000019100000| Untracked 
| 173|0x0000000019100000, 0x0000000019200000, 0x0000000019200000|100%| O|  |TAMS 0x0000000019200000, 0x0000000019200000| Untracked 
| 174|0x0000000019200000, 0x0000000019300000, 0x0000000019300000|100%|HS|  |TAMS 0x0000000019300000, 0x0000000019300000| Complete 
| 175|0x0000000019300000, 0x0000000019400000, 0x0000000019400000|100%|HS|  |TAMS 0x0000000019400000, 0x0000000019400000| Complete 
| 176|0x0000000019400000, 0x0000000019500000, 0x0000000019500000|100%| O|  |TAMS 0x0000000019500000, 0x0000000019500000| Untracked 
| 177|0x0000000019500000, 0x0000000019600000, 0x0000000019600000|100%|HS|  |TAMS 0x0000000019600000, 0x0000000019600000| Complete 
| 178|0x0000000019600000, 0x0000000019700000, 0x0000000019700000|100%| O|  |TAMS 0x0000000019700000, 0x0000000019700000| Untracked 
| 179|0x0000000019700000, 0x0000000019800000, 0x0000000019800000|100%|HS|  |TAMS 0x0000000019800000, 0x0000000019800000| Complete 
| 180|0x0000000019800000, 0x0000000019900000, 0x0000000019900000|100%| O|  |TAMS 0x0000000019900000, 0x0000000019900000| Untracked 
| 181|0x0000000019900000, 0x0000000019a00000, 0x0000000019a00000|100%| O|  |TAMS 0x0000000019a00000, 0x0000000019a00000| Untracked 
| 182|0x0000000019a00000, 0x0000000019b00000, 0x0000000019b00000|100%|HS|  |TAMS 0x0000000019b00000, 0x0000000019b00000| Complete 
| 183|0x0000000019b00000, 0x0000000019c00000, 0x0000000019c00000|100%| O|  |TAMS 0x0000000019c00000, 0x0000000019c00000| Untracked 
| 184|0x0000000019c00000, 0x0000000019d00000, 0x0000000019d00000|100%| O|  |TAMS 0x0000000019d00000, 0x0000000019d00000| Untracked 
| 185|0x0000000019d00000, 0x0000000019e00000, 0x0000000019e00000|100%|HS|  |TAMS 0x0000000019e00000, 0x0000000019e00000| Complete 
| 186|0x0000000019e00000, 0x0000000019f00000, 0x0000000019f00000|100%|HS|  |TAMS 0x0000000019f00000, 0x0000000019f00000| Complete 
| 187|0x0000000019f00000, 0x000000001a000000, 0x000000001a000000|100%| O|  |TAMS 0x000000001a000000, 0x000000001a000000| Untracked 
| 188|0x000000001a000000, 0x000000001a100000, 0x000000001a100000|100%|HS|  |TAMS 0x000000001a100000, 0x000000001a100000| Complete 
| 189|0x000000001a100000, 0x000000001a200000, 0x000000001a200000|100%| O|  |TAMS 0x000000001a200000, 0x000000001a200000| Untracked 
| 190|0x000000001a200000, 0x000000001a300000, 0x000000001a300000|100%| O|  |TAMS 0x000000001a300000, 0x000000001a300000| Untracked 
| 191|0x000000001a300000, 0x000000001a400000, 0x000000001a400000|100%|HS|  |TAMS 0x000000001a400000, 0x000000001a400000| Complete 
| 192|0x000000001a400000, 0x000000001a500000, 0x000000001a500000|100%|HS|  |TAMS 0x000000001a500000, 0x000000001a500000| Complete 
| 193|0x000000001a500000, 0x000000001a600000, 0x000000001a600000|100%|HS|  |TAMS 0x000000001a600000, 0x000000001a600000| Complete 
| 194|0x000000001a600000, 0x000000001a700000, 0x000000001a700000|100%| O|  |TAMS 0x000000001a700000, 0x000000001a700000| Untracked 
| 195|0x000000001a700000, 0x000000001a800000, 0x000000001a800000|100%| O|  |TAMS 0x000000001a800000, 0x000000001a800000| Untracked 
| 196|0x000000001a800000, 0x000000001a900000, 0x000000001a900000|100%|HS|  |TAMS 0x000000001a900000, 0x000000001a900000| Complete 
| 197|0x000000001a900000, 0x000000001aa00000, 0x000000001aa00000|100%| O|  |TAMS 0x000000001aa00000, 0x000000001aa00000| Untracked 
| 198|0x000000001aa00000, 0x000000001ab00000, 0x000000001ab00000|100%| O|  |TAMS 0x000000001ab00000, 0x000000001ab00000| Untracked 
| 199|0x000000001ab00000, 0x000000001ac00000, 0x000000001ac00000|100%| O|  |TAMS 0x000000001ac00000, 0x000000001ac00000| Untracked 
| 200|0x000000001ac00000, 0x000000001ad00000, 0x000000001ad00000|100%| O|  |TAMS 0x000000001ad00000, 0x000000001ad00000| Untracked 
| 201|0x000000001ad00000, 0x000000001ae00000, 0x000000001ae00000|100%| O|  |TAMS 0x000000001ae00000, 0x000000001ae00000| Untracked 
| 202|0x000000001ae00000, 0x000000001af00000, 0x000000001af00000|100%|HS|  |TAMS 0x000000001af00000, 0x000000001af00000| Complete 
| 203|0x000000001af00000, 0x000000001b000000, 0x000000001b000000|100%| O|  |TAMS 0x000000001b000000, 0x000000001b000000| Untracked 
| 204|0x000000001b000000, 0x000000001b100000, 0x000000001b100000|100%| O|  |TAMS 0x000000001b100000, 0x000000001b100000| Untracked 
| 205|0x000000001b100000, 0x000000001b200000, 0x000000001b200000|100%| O|  |TAMS 0x000000001b200000, 0x000000001b200000| Untracked 
| 206|0x000000001b200000, 0x000000001b300000, 0x000000001b300000|100%| O|  |TAMS 0x000000001b300000, 0x000000001b300000| Untracked 
| 207|0x000000001b300000, 0x000000001b400000, 0x000000001b400000|100%| O|  |TAMS 0x000000001b400000, 0x000000001b400000| Untracked 
| 208|0x000000001b400000, 0x000000001b500000, 0x000000001b500000|100%| O|  |TAMS 0x000000001b500000, 0x000000001b500000| Untracked 
| 209|0x000000001b500000, 0x000000001b600000, 0x000000001b600000|100%| O|  |TAMS 0x000000001b600000, 0x000000001b600000| Untracked 
| 210|0x000000001b600000, 0x000000001b700000, 0x000000001b700000|100%|HS|  |TAMS 0x000000001b700000, 0x000000001b700000| Complete 
| 211|0x000000001b700000, 0x000000001b800000, 0x000000001b800000|100%| O|  |TAMS 0x000000001b800000, 0x000000001b800000| Untracked 
| 212|0x000000001b800000, 0x000000001b900000, 0x000000001b900000|100%| O|  |TAMS 0x000000001b900000, 0x000000001b900000| Untracked 
| 213|0x000000001b900000, 0x000000001ba00000, 0x000000001ba00000|100%| O|  |TAMS 0x000000001ba00000, 0x000000001ba00000| Untracked 
| 214|0x000000001ba00000, 0x000000001bb00000, 0x000000001bb00000|100%| O|  |TAMS 0x000000001bb00000, 0x000000001bb00000| Untracked 
| 215|0x000000001bb00000, 0x000000001bc00000, 0x000000001bc00000|100%| O|  |TAMS 0x000000001bc00000, 0x000000001bc00000| Untracked 
| 216|0x000000001bc00000, 0x000000001bd00000, 0x000000001bd00000|100%| O|  |TAMS 0x000000001bd00000, 0x000000001bd00000| Untracked 
| 217|0x000000001bd00000, 0x000000001be00000, 0x000000001be00000|100%| O|  |TAMS 0x000000001be00000, 0x000000001be00000| Untracked 
| 218|0x000000001be00000, 0x000000001bf00000, 0x000000001bf00000|100%| O|  |TAMS 0x000000001bf00000, 0x000000001bf00000| Untracked 
| 219|0x000000001bf00000, 0x000000001c000000, 0x000000001c000000|100%| O|  |TAMS 0x000000001c000000, 0x000000001c000000| Untracked 
| 220|0x000000001c000000, 0x000000001c100000, 0x000000001c100000|100%| O|  |TAMS 0x000000001c100000, 0x000000001c100000| Untracked 
| 221|0x000000001c100000, 0x000000001c200000, 0x000000001c200000|100%| O|  |TAMS 0x000000001c200000, 0x000000001c200000| Untracked 
| 222|0x000000001c200000, 0x000000001c300000, 0x000000001c300000|100%| O|  |TAMS 0x000000001c300000, 0x000000001c300000| Untracked 
| 223|0x000000001c300000, 0x000000001c400000, 0x000000001c400000|100%| O|  |TAMS 0x000000001c400000, 0x000000001c400000| Untracked 
| 224|0x000000001c400000, 0x000000001c500000, 0x000000001c500000|100%| O|  |TAMS 0x000000001c500000, 0x000000001c500000| Untracked 
| 225|0x000000001c500000, 0x000000001c600000, 0x000000001c600000|100%| O|  |TAMS 0x000000001c600000, 0x000000001c600000| Untracked 
| 226|0x000000001c600000, 0x000000001c700000, 0x000000001c700000|100%| O|  |TAMS 0x000000001c700000, 0x000000001c700000| Untracked 
| 227|0x000000001c700000, 0x000000001c800000, 0x000000001c800000|100%| O|  |TAMS 0x000000001c800000, 0x000000001c800000| Untracked 
| 228|0x000000001c800000, 0x000000001c900000, 0x000000001c900000|100%| O|  |TAMS 0x000000001c900000, 0x000000001c900000| Untracked 
| 229|0x000000001c900000, 0x000000001ca00000, 0x000000001ca00000|100%| O|  |TAMS 0x000000001ca00000, 0x000000001ca00000| Untracked 
| 230|0x000000001ca00000, 0x000000001cb00000, 0x000000001cb00000|100%| O|  |TAMS 0x000000001cb00000, 0x000000001cb00000| Untracked 
| 231|0x000000001cb00000, 0x000000001cc00000, 0x000000001cc00000|100%| O|  |TAMS 0x000000001cc00000, 0x000000001cc00000| Untracked 
| 232|0x000000001cc00000, 0x000000001cd00000, 0x000000001cd00000|100%| O|  |TAMS 0x000000001cd00000, 0x000000001cd00000| Untracked 
| 233|0x000000001cd00000, 0x000000001ce00000, 0x000000001ce00000|100%| O|  |TAMS 0x000000001ce00000, 0x000000001ce00000| Untracked 
| 234|0x000000001ce00000, 0x000000001cf00000, 0x000000001cf00000|100%| O|  |TAMS 0x000000001cf00000, 0x000000001cf00000| Untracked 
| 235|0x000000001cf00000, 0x000000001d000000, 0x000000001d000000|100%| O|  |TAMS 0x000000001d000000, 0x000000001d000000| Untracked 
| 236|0x000000001d000000, 0x000000001d100000, 0x000000001d100000|100%| O|  |TAMS 0x000000001d100000, 0x000000001d100000| Untracked 
| 237|0x000000001d100000, 0x000000001d200000, 0x000000001d200000|100%| O|  |TAMS 0x000000001d200000, 0x000000001d200000| Untracked 
| 238|0x000000001d200000, 0x000000001d300000, 0x000000001d300000|100%| O|  |TAMS 0x000000001d300000, 0x000000001d300000| Untracked 
| 239|0x000000001d300000, 0x000000001d400000, 0x000000001d400000|100%| O|  |TAMS 0x000000001d400000, 0x000000001d400000| Untracked 
| 240|0x000000001d400000, 0x000000001d500000, 0x000000001d500000|100%| O|  |TAMS 0x000000001d500000, 0x000000001d500000| Untracked 
| 241|0x000000001d500000, 0x000000001d600000, 0x000000001d600000|100%| O|  |TAMS 0x000000001d600000, 0x000000001d600000| Untracked 
| 242|0x000000001d600000, 0x000000001d700000, 0x000000001d700000|100%| O|  |TAMS 0x000000001d700000, 0x000000001d700000| Untracked 
| 243|0x000000001d700000, 0x000000001d800000, 0x000000001d800000|100%| O|  |TAMS 0x000000001d800000, 0x000000001d800000| Untracked 
| 244|0x000000001d800000, 0x000000001d900000, 0x000000001d900000|100%| O|  |TAMS 0x000000001d900000, 0x000000001d900000| Untracked 
| 245|0x000000001d900000, 0x000000001da00000, 0x000000001da00000|100%| O|  |TAMS 0x000000001da00000, 0x000000001da00000| Untracked 
| 246|0x000000001da00000, 0x000000001db00000, 0x000000001db00000|100%| O|  |TAMS 0x000000001db00000, 0x000000001db00000| Untracked 
| 247|0x000000001db00000, 0x000000001dc00000, 0x000000001dc00000|100%| O|  |TAMS 0x000000001dc00000, 0x000000001dc00000| Untracked 
| 248|0x000000001dc00000, 0x000000001dd00000, 0x000000001dd00000|100%| O|  |TAMS 0x000000001dd00000, 0x000000001dd00000| Untracked 
| 249|0x000000001dd00000, 0x000000001de00000, 0x000000001de00000|100%| O|  |TAMS 0x000000001de00000, 0x000000001de00000| Untracked 
| 250|0x000000001de00000, 0x000000001df00000, 0x000000001df00000|100%| O|  |TAMS 0x000000001df00000, 0x000000001df00000| Untracked 
| 251|0x000000001df00000, 0x000000001e000000, 0x000000001e000000|100%| O|  |TAMS 0x000000001e000000, 0x000000001e000000| Untracked 
| 252|0x000000001e000000, 0x000000001e100000, 0x000000001e100000|100%| O|  |TAMS 0x000000001e100000, 0x000000001e100000| Untracked 
| 253|0x000000001e100000, 0x000000001e200000, 0x000000001e200000|100%| O|  |TAMS 0x000000001e200000, 0x000000001e200000| Untracked 
| 254|0x000000001e200000, 0x000000001e300000, 0x000000001e300000|100%| O|  |TAMS 0x000000001e300000, 0x000000001e300000| Untracked 
| 255|0x000000001e300000, 0x000000001e400000, 0x000000001e400000|100%| O|  |TAMS 0x000000001e400000, 0x000000001e400000| Untracked 
| 256|0x000000001e400000, 0x000000001e500000, 0x000000001e500000|100%| O|  |TAMS 0x000000001e500000, 0x000000001e500000| Untracked 
| 257|0x000000001e500000, 0x000000001e600000, 0x000000001e600000|100%| O|  |TAMS 0x000000001e600000, 0x000000001e600000| Untracked 
| 258|0x000000001e600000, 0x000000001e700000, 0x000000001e700000|100%| O|  |TAMS 0x000000001e700000, 0x000000001e700000| Untracked 
| 259|0x000000001e700000, 0x000000001e800000, 0x000000001e800000|100%| O|  |TAMS 0x000000001e800000, 0x000000001e800000| Untracked 
| 260|0x000000001e800000, 0x000000001e900000, 0x000000001e900000|100%| O|  |TAMS 0x000000001e900000, 0x000000001e900000| Untracked 
| 261|0x000000001e900000, 0x000000001ea00000, 0x000000001ea00000|100%| O|  |TAMS 0x000000001ea00000, 0x000000001ea00000| Untracked 
| 262|0x000000001ea00000, 0x000000001eb00000, 0x000000001eb00000|100%| O|  |TAMS 0x000000001eb00000, 0x000000001eb00000| Untracked 
| 263|0x000000001eb00000, 0x000000001ec00000, 0x000000001ec00000|100%| O|  |TAMS 0x000000001ec00000, 0x000000001ec00000| Untracked 
| 264|0x000000001ec00000, 0x000000001ed00000, 0x000000001ed00000|100%| O|  |TAMS 0x000000001ed00000, 0x000000001ed00000| Untracked 
| 265|0x000000001ed00000, 0x000000001ee00000, 0x000000001ee00000|100%| O|  |TAMS 0x000000001ee00000, 0x000000001ee00000| Untracked 
| 266|0x000000001ee00000, 0x000000001ef00000, 0x000000001ef00000|100%| O|  |TAMS 0x000000001ef00000, 0x000000001ef00000| Untracked 
| 267|0x000000001ef00000, 0x000000001f000000, 0x000000001f000000|100%| O|  |TAMS 0x000000001f000000, 0x000000001f000000| Untracked 
| 268|0x000000001f000000, 0x000000001f100000, 0x000000001f100000|100%| O|  |TAMS 0x000000001f100000, 0x000000001f100000| Untracked 
| 269|0x000000001f100000, 0x000000001f200000, 0x000000001f200000|100%| O|  |TAMS 0x000000001f200000, 0x000000001f200000| Untracked 
| 270|0x000000001f200000, 0x000000001f200000, 0x000000001f300000|  0%| F|  |TAMS 0x000000001f200000, 0x000000001f200000| Untracked 
| 271|0x000000001f300000, 0x000000001f400000, 0x000000001f400000|100%| O|  |TAMS 0x000000001f400000, 0x000000001f400000| Untracked 
| 272|0x000000001f400000, 0x000000001f500000, 0x000000001f500000|100%| O|  |TAMS 0x000000001f500000, 0x000000001f500000| Untracked 
| 273|0x000000001f500000, 0x000000001f600000, 0x000000001f600000|100%| O|  |TAMS 0x000000001f600000, 0x000000001f600000| Untracked 
| 274|0x000000001f600000, 0x000000001f700000, 0x000000001f700000|100%| O|  |TAMS 0x000000001f700000, 0x000000001f700000| Untracked 
| 275|0x000000001f700000, 0x000000001f800000, 0x000000001f800000|100%| O|  |TAMS 0x000000001f800000, 0x000000001f800000| Untracked 
| 276|0x000000001f800000, 0x000000001f900000, 0x000000001f900000|100%| O|  |TAMS 0x000000001f900000, 0x000000001f900000| Untracked 
| 277|0x000000001f900000, 0x000000001fa00000, 0x000000001fa00000|100%| O|  |TAMS 0x000000001fa00000, 0x000000001fa00000| Untracked 
| 278|0x000000001fa00000, 0x000000001fb00000, 0x000000001fb00000|100%|HS|  |TAMS 0x000000001fb00000, 0x000000001fb00000| Complete 
| 279|0x000000001fb00000, 0x000000001fc00000, 0x000000001fc00000|100%| O|  |TAMS 0x000000001fc00000, 0x000000001fc00000| Untracked 
| 280|0x000000001fc00000, 0x000000001fd00000, 0x000000001fd00000|100%| O|  |TAMS 0x000000001fd00000, 0x000000001fd00000| Untracked 
| 281|0x000000001fd00000, 0x000000001fe00000, 0x000000001fe00000|100%| O|  |TAMS 0x000000001fe00000, 0x000000001fe00000| Untracked 
| 282|0x000000001fe00000, 0x000000001ff00000, 0x000000001ff00000|100%| O|  |TAMS 0x000000001ff00000, 0x000000001ff00000| Untracked 
| 283|0x000000001ff00000, 0x0000000020000000, 0x0000000020000000|100%| O|  |TAMS 0x0000000020000000, 0x0000000020000000| Untracked 
| 284|0x0000000020000000, 0x0000000020100000, 0x0000000020100000|100%| O|  |TAMS 0x0000000020100000, 0x0000000020100000| Untracked 
| 285|0x0000000020100000, 0x0000000020200000, 0x0000000020200000|100%| O|  |TAMS 0x0000000020200000, 0x0000000020200000| Untracked 
| 286|0x0000000020200000, 0x0000000020300000, 0x0000000020300000|100%| O|  |TAMS 0x0000000020300000, 0x0000000020300000| Untracked 
| 287|0x0000000020300000, 0x0000000020400000, 0x0000000020400000|100%| O|  |TAMS 0x0000000020400000, 0x0000000020400000| Untracked 
| 288|0x0000000020400000, 0x0000000020500000, 0x0000000020500000|100%| O|  |TAMS 0x0000000020500000, 0x0000000020500000| Untracked 
| 289|0x0000000020500000, 0x0000000020600000, 0x0000000020600000|100%| O|  |TAMS 0x0000000020600000, 0x0000000020600000| Untracked 
| 290|0x0000000020600000, 0x0000000020700000, 0x0000000020700000|100%| O|  |TAMS 0x0000000020700000, 0x0000000020700000| Untracked 
| 291|0x0000000020700000, 0x0000000020800000, 0x0000000020800000|100%| O|  |TAMS 0x0000000020800000, 0x0000000020800000| Untracked 
| 292|0x0000000020800000, 0x0000000020900000, 0x0000000020900000|100%| O|  |TAMS 0x0000000020900000, 0x0000000020900000| Untracked 
| 293|0x0000000020900000, 0x0000000020a00000, 0x0000000020a00000|100%| O|  |TAMS 0x0000000020a00000, 0x0000000020a00000| Untracked 
| 294|0x0000000020a00000, 0x0000000020b00000, 0x0000000020b00000|100%| O|  |TAMS 0x0000000020b00000, 0x0000000020b00000| Untracked 
| 295|0x0000000020b00000, 0x0000000020c00000, 0x0000000020c00000|100%| O|  |TAMS 0x0000000020c00000, 0x0000000020c00000| Untracked 
| 296|0x0000000020c00000, 0x0000000020d00000, 0x0000000020d00000|100%| O|  |TAMS 0x0000000020d00000, 0x0000000020d00000| Untracked 
| 297|0x0000000020d00000, 0x0000000020e00000, 0x0000000020e00000|100%| O|  |TAMS 0x0000000020e00000, 0x0000000020e00000| Untracked 
| 298|0x0000000020e00000, 0x0000000020f00000, 0x0000000020f00000|100%| O|  |TAMS 0x0000000020f00000, 0x0000000020f00000| Untracked 
| 299|0x0000000020f00000, 0x0000000021000000, 0x0000000021000000|100%| O|  |TAMS 0x0000000021000000, 0x0000000021000000| Untracked 
| 300|0x0000000021000000, 0x0000000021100000, 0x0000000021100000|100%| O|  |TAMS 0x0000000021100000, 0x0000000021100000| Untracked 
| 301|0x0000000021100000, 0x0000000021200000, 0x0000000021200000|100%| O|  |TAMS 0x0000000021200000, 0x0000000021200000| Untracked 
| 302|0x0000000021200000, 0x0000000021300000, 0x0000000021300000|100%| O|  |TAMS 0x0000000021300000, 0x0000000021300000| Untracked 
| 303|0x0000000021300000, 0x0000000021400000, 0x0000000021400000|100%| O|  |TAMS 0x0000000021400000, 0x0000000021400000| Untracked 
| 304|0x0000000021400000, 0x0000000021500000, 0x0000000021500000|100%| O|  |TAMS 0x0000000021500000, 0x0000000021500000| Untracked 
| 305|0x0000000021500000, 0x0000000021600000, 0x0000000021600000|100%| O|  |TAMS 0x0000000021600000, 0x0000000021600000| Untracked 
| 306|0x0000000021600000, 0x0000000021700000, 0x0000000021700000|100%| O|  |TAMS 0x0000000021700000, 0x0000000021700000| Untracked 
| 307|0x0000000021700000, 0x0000000021800000, 0x0000000021800000|100%| O|  |TAMS 0x0000000021800000, 0x0000000021800000| Untracked 
| 308|0x0000000021800000, 0x0000000021900000, 0x0000000021900000|100%| O|  |TAMS 0x0000000021900000, 0x0000000021900000| Untracked 
| 309|0x0000000021900000, 0x0000000021a00000, 0x0000000021a00000|100%| O|  |TAMS 0x0000000021a00000, 0x0000000021a00000| Untracked 
| 310|0x0000000021a00000, 0x0000000021b00000, 0x0000000021b00000|100%| O|  |TAMS 0x0000000021b00000, 0x0000000021b00000| Untracked 
| 311|0x0000000021b00000, 0x0000000021c00000, 0x0000000021c00000|100%| O|  |TAMS 0x0000000021c00000, 0x0000000021c00000| Untracked 
| 312|0x0000000021c00000, 0x0000000021d00000, 0x0000000021d00000|100%| O|  |TAMS 0x0000000021d00000, 0x0000000021d00000| Untracked 
| 313|0x0000000021d00000, 0x0000000021e00000, 0x0000000021e00000|100%| O|  |TAMS 0x0000000021e00000, 0x0000000021e00000| Untracked 
| 314|0x0000000021e00000, 0x0000000021f00000, 0x0000000021f00000|100%| O|  |TAMS 0x0000000021f00000, 0x0000000021f00000| Untracked 
| 315|0x0000000021f00000, 0x0000000022000000, 0x0000000022000000|100%| O|  |TAMS 0x0000000022000000, 0x0000000022000000| Untracked 
| 316|0x0000000022000000, 0x0000000022100000, 0x0000000022100000|100%| O|  |TAMS 0x0000000022100000, 0x0000000022100000| Untracked 
| 317|0x0000000022100000, 0x0000000022200000, 0x0000000022200000|100%| O|  |TAMS 0x0000000022200000, 0x0000000022200000| Untracked 
| 318|0x0000000022200000, 0x0000000022300000, 0x0000000022300000|100%| O|  |TAMS 0x0000000022300000, 0x0000000022300000| Untracked 
| 319|0x0000000022300000, 0x0000000022400000, 0x0000000022400000|100%| O|  |TAMS 0x0000000022400000, 0x0000000022400000| Untracked 
| 320|0x0000000022400000, 0x0000000022500000, 0x0000000022500000|100%| O|  |TAMS 0x0000000022500000, 0x0000000022500000| Untracked 
| 321|0x0000000022500000, 0x0000000022600000, 0x0000000022600000|100%| O|  |TAMS 0x0000000022600000, 0x0000000022600000| Untracked 
| 322|0x0000000022600000, 0x0000000022700000, 0x0000000022700000|100%| O|  |TAMS 0x0000000022700000, 0x0000000022700000| Untracked 
| 323|0x0000000022700000, 0x0000000022800000, 0x0000000022800000|100%| O|  |TAMS 0x0000000022800000, 0x0000000022800000| Untracked 
| 324|0x0000000022800000, 0x0000000022900000, 0x0000000022900000|100%| O|  |TAMS 0x0000000022900000, 0x0000000022900000| Untracked 
| 325|0x0000000022900000, 0x0000000022a00000, 0x0000000022a00000|100%| O|  |TAMS 0x0000000022a00000, 0x0000000022a00000| Untracked 
| 326|0x0000000022a00000, 0x0000000022b00000, 0x0000000022b00000|100%| O|  |TAMS 0x0000000022b00000, 0x0000000022b00000| Untracked 
| 327|0x0000000022b00000, 0x0000000022c00000, 0x0000000022c00000|100%| O|  |TAMS 0x0000000022c00000, 0x0000000022c00000| Untracked 
| 328|0x0000000022c00000, 0x0000000022d00000, 0x0000000022d00000|100%| O|  |TAMS 0x0000000022d00000, 0x0000000022d00000| Untracked 
| 329|0x0000000022d00000, 0x0000000022e00000, 0x0000000022e00000|100%| O|  |TAMS 0x0000000022e00000, 0x0000000022e00000| Untracked 
| 330|0x0000000022e00000, 0x0000000022f00000, 0x0000000022f00000|100%| O|  |TAMS 0x0000000022f00000, 0x0000000022f00000| Untracked 
| 331|0x0000000022f00000, 0x0000000023000000, 0x0000000023000000|100%| O|  |TAMS 0x0000000023000000, 0x0000000023000000| Untracked 
| 332|0x0000000023000000, 0x0000000023100000, 0x0000000023100000|100%| O|  |TAMS 0x0000000023100000, 0x0000000023100000| Untracked 
| 333|0x0000000023100000, 0x0000000023200000, 0x0000000023200000|100%| O|  |TAMS 0x0000000023200000, 0x0000000023200000| Untracked 
| 334|0x0000000023200000, 0x0000000023300000, 0x0000000023300000|100%| O|  |TAMS 0x0000000023300000, 0x0000000023300000| Untracked 
| 335|0x0000000023300000, 0x0000000023400000, 0x0000000023400000|100%| O|  |TAMS 0x0000000023400000, 0x0000000023400000| Untracked 
| 336|0x0000000023400000, 0x0000000023500000, 0x0000000023500000|100%| O|  |TAMS 0x0000000023500000, 0x0000000023500000| Untracked 
| 337|0x0000000023500000, 0x0000000023600000, 0x0000000023600000|100%| O|  |TAMS 0x0000000023600000, 0x0000000023600000| Untracked 
| 338|0x0000000023600000, 0x0000000023700000, 0x0000000023700000|100%| O|  |TAMS 0x0000000023700000, 0x0000000023700000| Untracked 
| 339|0x0000000023700000, 0x0000000023800000, 0x0000000023800000|100%| O|  |TAMS 0x0000000023800000, 0x0000000023800000| Untracked 
| 340|0x0000000023800000, 0x0000000023900000, 0x0000000023900000|100%| O|  |TAMS 0x0000000023900000, 0x0000000023900000| Untracked 
| 341|0x0000000023900000, 0x0000000023a00000, 0x0000000023a00000|100%| O|  |TAMS 0x0000000023a00000, 0x0000000023a00000| Untracked 
| 342|0x0000000023a00000, 0x0000000023b00000, 0x0000000023b00000|100%| O|  |TAMS 0x0000000023b00000, 0x0000000023b00000| Untracked 
| 343|0x0000000023b00000, 0x0000000023c00000, 0x0000000023c00000|100%| O|  |TAMS 0x0000000023c00000, 0x0000000023c00000| Untracked 
| 344|0x0000000023c00000, 0x0000000023d00000, 0x0000000023d00000|100%| O|  |TAMS 0x0000000023d00000, 0x0000000023d00000| Untracked 
| 345|0x0000000023d00000, 0x0000000023e00000, 0x0000000023e00000|100%| O|  |TAMS 0x0000000023e00000, 0x0000000023e00000| Untracked 
| 346|0x0000000023e00000, 0x0000000023f00000, 0x0000000023f00000|100%| O|  |TAMS 0x0000000023f00000, 0x0000000023f00000| Untracked 
| 347|0x0000000023f00000, 0x0000000024000000, 0x0000000024000000|100%| O|  |TAMS 0x0000000024000000, 0x0000000024000000| Untracked 
| 348|0x0000000024000000, 0x0000000024100000, 0x0000000024100000|100%| O|  |TAMS 0x0000000024100000, 0x0000000024100000| Untracked 
| 349|0x0000000024100000, 0x0000000024200000, 0x0000000024200000|100%| O|  |TAMS 0x0000000024200000, 0x0000000024200000| Untracked 
| 350|0x0000000024200000, 0x0000000024300000, 0x0000000024300000|100%| O|  |TAMS 0x0000000024300000, 0x0000000024300000| Untracked 
| 351|0x0000000024300000, 0x0000000024400000, 0x0000000024400000|100%| O|  |TAMS 0x0000000024400000, 0x0000000024400000| Untracked 
| 352|0x0000000024400000, 0x0000000024500000, 0x0000000024500000|100%| O|  |TAMS 0x0000000024500000, 0x0000000024500000| Untracked 
| 353|0x0000000024500000, 0x0000000024600000, 0x0000000024600000|100%| O|  |TAMS 0x0000000024600000, 0x0000000024600000| Untracked 
| 354|0x0000000024600000, 0x0000000024700000, 0x0000000024700000|100%| O|  |TAMS 0x0000000024700000, 0x0000000024700000| Untracked 
| 355|0x0000000024700000, 0x0000000024700000, 0x0000000024800000|  0%| F|  |TAMS 0x0000000024700000, 0x0000000024700000| Untracked 
| 356|0x0000000024800000, 0x0000000024900000, 0x0000000024900000|100%| O|  |TAMS 0x0000000024900000, 0x0000000024900000| Untracked 
| 357|0x0000000024900000, 0x0000000024a00000, 0x0000000024a00000|100%| O|  |TAMS 0x0000000024a00000, 0x0000000024a00000| Untracked 
| 358|0x0000000024a00000, 0x0000000024b00000, 0x0000000024b00000|100%| O|  |TAMS 0x0000000024b00000, 0x0000000024b00000| Untracked 
| 359|0x0000000024b00000, 0x0000000024c00000, 0x0000000024c00000|100%| O|  |TAMS 0x0000000024c00000, 0x0000000024c00000| Untracked 
| 360|0x0000000024c00000, 0x0000000024d00000, 0x0000000024d00000|100%| O|  |TAMS 0x0000000024d00000, 0x0000000024d00000| Untracked 
| 361|0x0000000024d00000, 0x0000000024e00000, 0x0000000024e00000|100%| O|  |TAMS 0x0000000024e00000, 0x0000000024e00000| Untracked 
| 362|0x0000000024e00000, 0x0000000024f00000, 0x0000000024f00000|100%| O|  |TAMS 0x0000000024f00000, 0x0000000024f00000| Untracked 
| 363|0x0000000024f00000, 0x0000000025000000, 0x0000000025000000|100%| O|  |TAMS 0x0000000025000000, 0x0000000025000000| Untracked 
| 364|0x0000000025000000, 0x0000000025100000, 0x0000000025100000|100%| O|  |TAMS 0x0000000025100000, 0x0000000025100000| Untracked 
| 365|0x0000000025100000, 0x0000000025200000, 0x0000000025200000|100%| O|  |TAMS 0x0000000025200000, 0x0000000025200000| Untracked 
| 366|0x0000000025200000, 0x0000000025300000, 0x0000000025300000|100%| O|  |TAMS 0x0000000025300000, 0x0000000025300000| Untracked 
| 367|0x0000000025300000, 0x0000000025400000, 0x0000000025400000|100%| O|  |TAMS 0x0000000025400000, 0x0000000025400000| Untracked 
| 368|0x0000000025400000, 0x0000000025500000, 0x0000000025500000|100%| O|  |TAMS 0x0000000025500000, 0x0000000025500000| Untracked 
| 369|0x0000000025500000, 0x0000000025600000, 0x0000000025600000|100%| O|  |TAMS 0x0000000025600000, 0x0000000025600000| Untracked 
| 370|0x0000000025600000, 0x0000000025700000, 0x0000000025700000|100%| O|  |TAMS 0x0000000025700000, 0x0000000025700000| Untracked 
| 371|0x0000000025700000, 0x0000000025800000, 0x0000000025800000|100%| O|  |TAMS 0x0000000025800000, 0x0000000025800000| Untracked 
| 372|0x0000000025800000, 0x0000000025900000, 0x0000000025900000|100%| O|  |TAMS 0x0000000025900000, 0x0000000025900000| Untracked 
| 373|0x0000000025900000, 0x0000000025a00000, 0x0000000025a00000|100%| O|  |TAMS 0x0000000025a00000, 0x0000000025a00000| Untracked 
| 374|0x0000000025a00000, 0x0000000025b00000, 0x0000000025b00000|100%| O|  |TAMS 0x0000000025b00000, 0x0000000025b00000| Untracked 
| 375|0x0000000025b00000, 0x0000000025c00000, 0x0000000025c00000|100%| O|  |TAMS 0x0000000025c00000, 0x0000000025c00000| Untracked 
| 376|0x0000000025c00000, 0x0000000025c00000, 0x0000000025d00000|  0%| F|  |TAMS 0x0000000025c00000, 0x0000000025c00000| Untracked 
| 377|0x0000000025d00000, 0x0000000025e00000, 0x0000000025e00000|100%| O|  |TAMS 0x0000000025e00000, 0x0000000025e00000| Untracked 
| 378|0x0000000025e00000, 0x0000000025f00000, 0x0000000025f00000|100%| O|  |TAMS 0x0000000025f00000, 0x0000000025f00000| Untracked 
| 379|0x0000000025f00000, 0x0000000025f00000, 0x0000000026000000|  0%| F|  |TAMS 0x0000000025f00000, 0x0000000025f00000| Untracked 
| 380|0x0000000026000000, 0x0000000026100000, 0x0000000026100000|100%| O|  |TAMS 0x0000000026100000, 0x0000000026100000| Untracked 
| 381|0x0000000026100000, 0x0000000026200000, 0x0000000026200000|100%| O|  |TAMS 0x0000000026200000, 0x0000000026200000| Untracked 
| 382|0x0000000026200000, 0x0000000026300000, 0x0000000026300000|100%| O|  |TAMS 0x0000000026300000, 0x0000000026300000| Untracked 
| 383|0x0000000026300000, 0x0000000026400000, 0x0000000026400000|100%| O|  |TAMS 0x0000000026400000, 0x0000000026400000| Untracked 
| 384|0x0000000026400000, 0x0000000026500000, 0x0000000026500000|100%| O|  |TAMS 0x0000000026500000, 0x0000000026500000| Untracked 
| 385|0x0000000026500000, 0x0000000026600000, 0x0000000026600000|100%| O|  |TAMS 0x0000000026600000, 0x0000000026600000| Untracked 
| 386|0x0000000026600000, 0x0000000026700000, 0x0000000026700000|100%| O|  |TAMS 0x0000000026700000, 0x0000000026700000| Untracked 
| 387|0x0000000026700000, 0x0000000026800000, 0x0000000026800000|100%| O|  |TAMS 0x0000000026800000, 0x0000000026800000| Untracked 
| 388|0x0000000026800000, 0x0000000026800000, 0x0000000026900000|  0%| F|  |TAMS 0x0000000026800000, 0x0000000026800000| Untracked 
| 389|0x0000000026900000, 0x0000000026a00000, 0x0000000026a00000|100%| O|  |TAMS 0x0000000026900000, 0x0000000026a00000| Untracked 
| 390|0x0000000026a00000, 0x0000000026b00000, 0x0000000026b00000|100%| O|  |TAMS 0x0000000026a00000, 0x0000000026b00000| Untracked 
| 391|0x0000000026b00000, 0x0000000026c00000, 0x0000000026c00000|100%| O|  |TAMS 0x0000000026b00000, 0x0000000026c00000| Untracked 
| 392|0x0000000026c00000, 0x0000000026d00000, 0x0000000026d00000|100%| O|  |TAMS 0x0000000026c00000, 0x0000000026d00000| Untracked 
| 393|0x0000000026d00000, 0x0000000026e00000, 0x0000000026e00000|100%| O|  |TAMS 0x0000000026d00000, 0x0000000026e00000| Untracked 
| 394|0x0000000026e00000, 0x0000000026f00000, 0x0000000026f00000|100%| O|  |TAMS 0x0000000026e00000, 0x0000000026f00000| Untracked 
| 395|0x0000000026f00000, 0x0000000027000000, 0x0000000027000000|100%| O|  |TAMS 0x0000000026f00000, 0x0000000027000000| Untracked 
| 396|0x0000000027000000, 0x0000000027100000, 0x0000000027100000|100%| O|  |TAMS 0x0000000027000000, 0x0000000027100000| Untracked 
| 397|0x0000000027100000, 0x0000000027200000, 0x0000000027200000|100%| O|  |TAMS 0x0000000027100000, 0x0000000027200000| Untracked 
| 398|0x0000000027200000, 0x0000000027300000, 0x0000000027300000|100%| O|  |TAMS 0x0000000027200000, 0x0000000027300000| Untracked 
| 399|0x0000000027300000, 0x0000000027400000, 0x0000000027400000|100%| O|  |TAMS 0x0000000027300000, 0x0000000027400000| Untracked 
| 400|0x0000000027400000, 0x0000000027500000, 0x0000000027500000|100%| O|  |TAMS 0x0000000027400000, 0x0000000027500000| Untracked 
| 401|0x0000000027500000, 0x0000000027500000, 0x0000000027600000|  0%| F|  |TAMS 0x0000000027500000, 0x0000000027500000| Untracked 
| 402|0x0000000027600000, 0x0000000027600000, 0x0000000027700000|  0%| F|  |TAMS 0x0000000027600000, 0x0000000027600000| Untracked 
| 403|0x0000000027700000, 0x0000000027700000, 0x0000000027800000|  0%| F|  |TAMS 0x0000000027700000, 0x0000000027700000| Untracked 
| 404|0x0000000027800000, 0x0000000027800000, 0x0000000027900000|  0%| F|  |TAMS 0x0000000027800000, 0x0000000027800000| Untracked 
| 405|0x0000000027900000, 0x0000000027900000, 0x0000000027a00000|  0%| F|  |TAMS 0x0000000027900000, 0x0000000027900000| Untracked 
| 406|0x0000000027a00000, 0x0000000027a00000, 0x0000000027b00000|  0%| F|  |TAMS 0x0000000027a00000, 0x0000000027a00000| Untracked 
| 407|0x0000000027b00000, 0x0000000027b00000, 0x0000000027c00000|  0%| F|  |TAMS 0x0000000027b00000, 0x0000000027b00000| Untracked 
| 408|0x0000000027c00000, 0x0000000027c00000, 0x0000000027d00000|  0%| F|  |TAMS 0x0000000027c00000, 0x0000000027c00000| Untracked 
| 409|0x0000000027d00000, 0x0000000027d00000, 0x0000000027e00000|  0%| F|  |TAMS 0x0000000027d00000, 0x0000000027d00000| Untracked 
| 410|0x0000000027e00000, 0x0000000027e00000, 0x0000000027f00000|  0%| F|  |TAMS 0x0000000027e00000, 0x0000000027e00000| Untracked 
| 411|0x0000000027f00000, 0x0000000027f00000, 0x0000000028000000|  0%| F|  |TAMS 0x0000000027f00000, 0x0000000027f00000| Untracked 
| 412|0x0000000028000000, 0x0000000028000000, 0x0000000028100000|  0%| F|  |TAMS 0x0000000028000000, 0x0000000028000000| Untracked 
| 413|0x0000000028100000, 0x0000000028100000, 0x0000000028200000|  0%| F|  |TAMS 0x0000000028100000, 0x0000000028100000| Untracked 
| 414|0x0000000028200000, 0x0000000028200000, 0x0000000028300000|  0%| F|  |TAMS 0x0000000028200000, 0x0000000028200000| Untracked 
| 415|0x0000000028300000, 0x0000000028300000, 0x0000000028400000|  0%| F|  |TAMS 0x0000000028300000, 0x0000000028300000| Untracked 
| 416|0x0000000028400000, 0x0000000028400000, 0x0000000028500000|  0%| F|  |TAMS 0x0000000028400000, 0x0000000028400000| Untracked 
| 417|0x0000000028500000, 0x0000000028500000, 0x0000000028600000|  0%| F|  |TAMS 0x0000000028500000, 0x0000000028500000| Untracked 
| 418|0x0000000028600000, 0x0000000028600000, 0x0000000028700000|  0%| F|  |TAMS 0x0000000028600000, 0x0000000028600000| Untracked 
| 419|0x0000000028700000, 0x0000000028700000, 0x0000000028800000|  0%| F|  |TAMS 0x0000000028700000, 0x0000000028700000| Untracked 
| 420|0x0000000028800000, 0x0000000028800000, 0x0000000028900000|  0%| F|  |TAMS 0x0000000028800000, 0x0000000028800000| Untracked 
| 421|0x0000000028900000, 0x0000000028900000, 0x0000000028a00000|  0%| F|  |TAMS 0x0000000028900000, 0x0000000028900000| Untracked 
| 422|0x0000000028a00000, 0x0000000028a00000, 0x0000000028b00000|  0%| F|  |TAMS 0x0000000028a00000, 0x0000000028a00000| Untracked 
| 423|0x0000000028b00000, 0x0000000028b00000, 0x0000000028c00000|  0%| F|  |TAMS 0x0000000028b00000, 0x0000000028b00000| Untracked 
| 424|0x0000000028c00000, 0x0000000028c8ded8, 0x0000000028d00000| 55%| S|CS|TAMS 0x0000000028c00000, 0x0000000028c00000| Complete 
| 425|0x0000000028d00000, 0x0000000028e00000, 0x0000000028e00000|100%| S|CS|TAMS 0x0000000028d00000, 0x0000000028d00000| Complete 
| 426|0x0000000028e00000, 0x0000000028f00000, 0x0000000028f00000|100%| S|CS|TAMS 0x0000000028e00000, 0x0000000028e00000| Complete 
| 427|0x0000000028f00000, 0x0000000028f00000, 0x0000000029000000|  0%| F|  |TAMS 0x0000000028f00000, 0x0000000028f00000| Untracked 
| 428|0x0000000029000000, 0x0000000029000000, 0x0000000029100000|  0%| F|  |TAMS 0x0000000029000000, 0x0000000029000000| Untracked 
| 429|0x0000000029100000, 0x0000000029100000, 0x0000000029200000|  0%| F|  |TAMS 0x0000000029100000, 0x0000000029100000| Untracked 
| 430|0x0000000029200000, 0x0000000029200000, 0x0000000029300000|  0%| F|  |TAMS 0x0000000029200000, 0x0000000029200000| Untracked 
| 431|0x0000000029300000, 0x0000000029300000, 0x0000000029400000|  0%| F|  |TAMS 0x0000000029300000, 0x0000000029300000| Untracked 
| 432|0x0000000029400000, 0x0000000029400000, 0x0000000029500000|  0%| F|  |TAMS 0x0000000029400000, 0x0000000029400000| Untracked 
| 433|0x0000000029500000, 0x0000000029500000, 0x0000000029600000|  0%| F|  |TAMS 0x0000000029500000, 0x0000000029500000| Untracked 
| 434|0x0000000029600000, 0x0000000029600000, 0x0000000029700000|  0%| F|  |TAMS 0x0000000029600000, 0x0000000029600000| Untracked 
| 435|0x0000000029700000, 0x0000000029700000, 0x0000000029800000|  0%| F|  |TAMS 0x0000000029700000, 0x0000000029700000| Untracked 
| 436|0x0000000029800000, 0x0000000029800000, 0x0000000029900000|  0%| F|  |TAMS 0x0000000029800000, 0x0000000029800000| Untracked 
| 437|0x0000000029900000, 0x0000000029900000, 0x0000000029a00000|  0%| F|  |TAMS 0x0000000029900000, 0x0000000029900000| Untracked 
| 438|0x0000000029a00000, 0x0000000029a00000, 0x0000000029b00000|  0%| F|  |TAMS 0x0000000029a00000, 0x0000000029a00000| Untracked 
| 439|0x0000000029b00000, 0x0000000029b00000, 0x0000000029c00000|  0%| F|  |TAMS 0x0000000029b00000, 0x0000000029b00000| Untracked 
| 440|0x0000000029c00000, 0x0000000029c00000, 0x0000000029d00000|  0%| F|  |TAMS 0x0000000029c00000, 0x0000000029c00000| Untracked 
| 441|0x0000000029d00000, 0x0000000029d00000, 0x0000000029e00000|  0%| F|  |TAMS 0x0000000029d00000, 0x0000000029d00000| Untracked 
| 442|0x0000000029e00000, 0x0000000029e00000, 0x0000000029f00000|  0%| F|  |TAMS 0x0000000029e00000, 0x0000000029e00000| Untracked 
| 443|0x0000000029f00000, 0x0000000029f00000, 0x000000002a000000|  0%| F|  |TAMS 0x0000000029f00000, 0x0000000029f00000| Untracked 
| 444|0x000000002a000000, 0x000000002a000000, 0x000000002a100000|  0%| F|  |TAMS 0x000000002a000000, 0x000000002a000000| Untracked 
| 445|0x000000002a100000, 0x000000002a100000, 0x000000002a200000|  0%| F|  |TAMS 0x000000002a100000, 0x000000002a100000| Untracked 
| 446|0x000000002a200000, 0x000000002a200000, 0x000000002a300000|  0%| F|  |TAMS 0x000000002a200000, 0x000000002a200000| Untracked 
| 447|0x000000002a300000, 0x000000002a300000, 0x000000002a400000|  0%| F|  |TAMS 0x000000002a300000, 0x000000002a300000| Untracked 

Card table byte_map: [0x000000004e600000,0x000000004e800000] _byte_map_base: 0x000000004e58e000

Marking Bits (Prev, Next): (CMBitMap*) 0x00000000029e5c18, (CMBitMap*) 0x00000000029e5c50
 Prev Bits: [0x000000004ea00000, 0x000000004fa00000)
 Next Bits: [0x000000004fa00000, 0x0000000050a00000)

Polling page: 0x0000000002950000

Metaspace:

Usage:
  102.60 MB capacity,    95.93 MB ( 94%) used,     6.32 MB (  6%) free+waste,   347.50 KB ( <1%) overhead. 

Virtual space:
    104.00 MB reserved,     103.67 MB (>99%) committed 

Chunk freelists:
903.00 KB

MaxMetaspaceSize: 17179869184.00 GB


CodeCache: size=32768Kb used=14655Kb max_used=14655Kb free=18112Kb
 bounds [0x000000000bc20000, 0x000000000ca78000, 0x000000000dc20000]
 total_blobs=8015 nmethods=6976 adapters=964
 compilation: enabled
              stopped_count=0, restarted_count=0
 full_count=0

Compilation events (20 events):
Event: 95.518 Thread 0x0000000053452000 6967   !         org.eclipse.jface.text.projection.ProjectionTextStore::get (100 bytes)
Event: 95.519 Thread 0x0000000053452000 nmethod 6967 0x000000000ca66210 code [0x000000000ca66420, 0x000000000ca66918]
Event: 95.571 Thread 0x0000000053452000 6968             java.util.ArrayList$SubList$1::hasNext (20 bytes)
Event: 95.571 Thread 0x0000000053452000 nmethod 6968 0x000000000ca66dd0 code [0x000000000ca66f50, 0x000000000ca67018]
Event: 95.619 Thread 0x0000000053452000 6969             org.eclipse.equinox.internal.p2.metadata.expression.ExpressionFactory::member (57 bytes)
Event: 95.620 Thread 0x0000000053452000 nmethod 6969 0x000000000ca67090 code [0x000000000ca67280, 0x000000000ca676f8]
Event: 95.620 Thread 0x0000000053452000 6970             org.eclipse.equinox.internal.p2.metadata.expression.Member$DynamicMember::<init> (10 bytes)
Event: 95.620 Thread 0x0000000053452000 nmethod 6970 0x000000000ca67910 code [0x000000000ca67ab0, 0x000000000ca67ca8]
Event: 95.620 Thread 0x0000000053452000 6971             org.eclipse.equinox.internal.p2.metadata.expression.Member::<init> (19 bytes)
Event: 95.620 Thread 0x0000000053452000 nmethod 6971 0x000000000ca67d90 code [0x000000000ca67f20, 0x000000000ca68108]
Event: 95.943 Thread 0x0000000053452000 6972   !         java.net.AbstractPlainSocketImpl::acquireFD (29 bytes)
Event: 95.943 Thread 0x0000000053452000 nmethod 6972 0x000000000ca681d0 code [0x000000000ca68350, 0x000000000ca68588]
Event: 95.963 Thread 0x0000000053452000 6973   !         java.net.AbstractPlainSocketImpl::releaseFD (74 bytes)
Event: 95.964 Thread 0x0000000053452000 nmethod 6973 0x000000000ca68650 code [0x000000000ca68810, 0x000000000ca68e18]
Event: 95.964 Thread 0x0000000053452000 6974   !         java.text.SimpleDateFormat::subParse (1837 bytes)
Event: 95.969 Thread 0x0000000053452000 nmethod 6974 0x000000000ca690d0 code [0x000000000ca69710, 0x000000000ca6c468]
Event: 95.975 Thread 0x0000000053452000 6975             com.sun.org.apache.xerces.internal.impl.XMLVersionDetector::reset (72 bytes)
Event: 95.976 Thread 0x0000000053452000 nmethod 6975 0x000000000ca6e2d0 code [0x000000000ca6e4f0, 0x000000000ca6eaa8]
Event: 96.113 Thread 0x0000000053452000 6976             sun.util.locale.provider.CalendarDataUtility::findRegionOverride (109 bytes)
Event: 96.114 Thread 0x0000000053452000 nmethod 6976 0x000000000ca6ee90 code [0x000000000ca6f130, 0x000000000ca6fa48]

GC Heap History (20 events):
Event: 94.975 GC heap after
{Heap after GC invocations=138 (full 0):
 garbage-first heap   total 458752K, used 386080K [0x000000000e400000, 0x000000004e400000)
  region size 1024K, 3 young (3072K), 3 survivors (3072K)
 Metaspace       used 98584K, capacity 105480K, committed 106156K, reserved 106496K
}
Event: 95.075 GC heap before
{Heap before GC invocations=138 (full 0):
 garbage-first heap   total 458752K, used 405536K [0x000000000e400000, 0x000000004e400000)
  region size 1024K, 22 young (22528K), 3 survivors (3072K)
 Metaspace       used 98584K, capacity 105480K, committed 106156K, reserved 106496K
}
Event: 95.081 GC heap after
{Heap after GC invocations=139 (full 0):
 garbage-first heap   total 458752K, used 388371K [0x000000000e400000, 0x000000004e400000)
  region size 1024K, 3 young (3072K), 3 survivors (3072K)
 Metaspace       used 98584K, capacity 105480K, committed 106156K, reserved 106496K
}
Event: 95.164 GC heap before
{Heap before GC invocations=139 (full 0):
 garbage-first heap   total 458752K, used 407827K [0x000000000e400000, 0x000000004e400000)
  region size 1024K, 22 young (22528K), 3 survivors (3072K)
 Metaspace       used 98584K, capacity 105480K, committed 106156K, reserved 106496K
}
Event: 95.171 GC heap after
{Heap after GC invocations=140 (full 0):
 garbage-first heap   total 458752K, used 390750K [0x000000000e400000, 0x000000004e400000)
  region size 1024K, 3 young (3072K), 3 survivors (3072K)
 Metaspace       used 98584K, capacity 105480K, committed 106156K, reserved 106496K
}
Event: 95.251 GC heap before
{Heap before GC invocations=141 (full 0):
 garbage-first heap   total 458752K, used 410206K [0x000000000e400000, 0x000000004e400000)
  region size 1024K, 22 young (22528K), 3 survivors (3072K)
 Metaspace       used 98584K, capacity 105480K, committed 106156K, reserved 106496K
}
Event: 95.258 GC heap after
{Heap after GC invocations=142 (full 0):
 garbage-first heap   total 458752K, used 393277K [0x000000000e400000, 0x000000004e400000)
  region size 1024K, 3 young (3072K), 3 survivors (3072K)
 Metaspace       used 98584K, capacity 105480K, committed 106156K, reserved 106496K
}
Event: 95.333 GC heap before
{Heap before GC invocations=142 (full 0):
 garbage-first heap   total 458752K, used 412733K [0x000000000e400000, 0x000000004e400000)
  region size 1024K, 22 young (22528K), 3 survivors (3072K)
 Metaspace       used 98584K, capacity 105480K, committed 106156K, reserved 106496K
}
Event: 95.343 GC heap after
{Heap after GC invocations=143 (full 0):
 garbage-first heap   total 458752K, used 393648K [0x000000000e400000, 0x000000004e400000)
  region size 1024K, 3 young (3072K), 3 survivors (3072K)
 Metaspace       used 98584K, capacity 105480K, committed 106156K, reserved 106496K
}
Event: 95.421 GC heap before
{Heap before GC invocations=143 (full 0):
 garbage-first heap   total 458752K, used 413104K [0x000000000e400000, 0x000000004e400000)
  region size 1024K, 22 young (22528K), 3 survivors (3072K)
 Metaspace       used 98584K, capacity 105480K, committed 106156K, reserved 106496K
}
Event: 95.427 GC heap after
{Heap after GC invocations=144 (full 0):
 garbage-first heap   total 458752K, used 396428K [0x000000000e400000, 0x000000004e400000)
  region size 1024K, 3 young (3072K), 3 survivors (3072K)
 Metaspace       used 98584K, capacity 105480K, committed 106156K, reserved 106496K
}
Event: 95.525 GC heap before
{Heap before GC invocations=144 (full 0):
 garbage-first heap   total 458752K, used 415884K [0x000000000e400000, 0x000000004e400000)
  region size 1024K, 22 young (22528K), 3 survivors (3072K)
 Metaspace       used 98584K, capacity 105480K, committed 106156K, reserved 106496K
}
Event: 95.535 GC heap after
{Heap after GC invocations=145 (full 0):
 garbage-first heap   total 458752K, used 398779K [0x000000000e400000, 0x000000004e400000)
  region size 1024K, 3 young (3072K), 3 survivors (3072K)
 Metaspace       used 98584K, capacity 105480K, committed 106156K, reserved 106496K
}
Event: 95.632 GC heap before
{Heap before GC invocations=145 (full 0):
 garbage-first heap   total 458752K, used 418235K [0x000000000e400000, 0x000000004e400000)
  region size 1024K, 22 young (22528K), 3 survivors (3072K)
 Metaspace       used 98584K, capacity 105480K, committed 106156K, reserved 106496K
}
Event: 95.638 GC heap after
{Heap after GC invocations=146 (full 0):
 garbage-first heap   total 458752K, used 401123K [0x000000000e400000, 0x000000004e400000)
  region size 1024K, 3 young (3072K), 3 survivors (3072K)
 Metaspace       used 98584K, capacity 105480K, committed 106156K, reserved 106496K
}
Event: 96.087 GC heap before
{Heap before GC invocations=147 (full 0):
 garbage-first heap   total 458752K, used 420579K [0x000000000e400000, 0x000000004e400000)
  region size 1024K, 22 young (22528K), 3 survivors (3072K)
 Metaspace       used 98236K, capacity 105061K, committed 106156K, reserved 106496K
}
Event: 96.093 GC heap after
{Heap after GC invocations=148 (full 0):
 garbage-first heap   total 458752K, used 404399K [0x000000000e400000, 0x000000004e400000)
  region size 1024K, 3 young (3072K), 3 survivors (3072K)
 Metaspace       used 98236K, capacity 105061K, committed 106156K, reserved 106496K
}
Event: 96.170 GC heap before
{Heap before GC invocations=148 (full 0):
 garbage-first heap   total 458752K, used 423855K [0x000000000e400000, 0x000000004e400000)
  region size 1024K, 22 young (22528K), 3 survivors (3072K)
 Metaspace       used 98236K, capacity 105061K, committed 106156K, reserved 106496K
}
Event: 96.183 GC heap after
{Heap after GC invocations=149 (full 0):
 garbage-first heap   total 458752K, used 404596K [0x000000000e400000, 0x000000004e400000)
  region size 1024K, 3 young (3072K), 3 survivors (3072K)
 Metaspace       used 98236K, capacity 105061K, committed 106156K, reserved 106496K
}
Event: 96.260 GC heap before
{Heap before GC invocations=149 (full 0):
 garbage-first heap   total 458752K, used 424052K [0x000000000e400000, 0x000000004e400000)
  region size 1024K, 22 young (22528K), 3 survivors (3072K)
 Metaspace       used 98236K, capacity 105061K, committed 106156K, reserved 106496K
}

Deoptimization events (20 events):
Event: 1.373 Thread 0x00000000029ba000 DEOPT PACKING pc=0x000000000bd80692 sp=0x0000000000afbae0
Event: 1.373 Thread 0x00000000029ba000 DEOPT UNPACKING pc=0x000000000bc4253e sp=0x0000000000afb070 mode 3
Event: 11.747 Thread 0x00000000029ba000 DEOPT PACKING pc=0x000000000bfd669f sp=0x0000000000af7e80
Event: 11.747 Thread 0x00000000029ba000 DEOPT UNPACKING pc=0x000000000bc4253e sp=0x0000000000af7330 mode 3
Event: 27.132 Thread 0x0000000058fff800 DEOPT PACKING pc=0x000000000c3c0309 sp=0x00000000635bed50
Event: 27.132 Thread 0x0000000058fff800 DEOPT UNPACKING pc=0x000000000bc4253e sp=0x00000000635be2b8 mode 3
Event: 27.713 Thread 0x00000000029ba000 DEOPT PACKING pc=0x000000000c4871fb sp=0x0000000000afd890
Event: 27.713 Thread 0x00000000029ba000 DEOPT UNPACKING pc=0x000000000bc4253e sp=0x0000000000afce28 mode 3
Event: 27.802 Thread 0x00000000029ba000 DEOPT PACKING pc=0x000000000c48ddb7 sp=0x0000000000afc900
Event: 27.802 Thread 0x00000000029ba000 DEOPT UNPACKING pc=0x000000000bc4253e sp=0x0000000000afbeb8 mode 3
Event: 28.422 Thread 0x00000000029ba000 DEOPT PACKING pc=0x000000000c4d2402 sp=0x0000000000afd3b0
Event: 28.422 Thread 0x00000000029ba000 DEOPT UNPACKING pc=0x000000000bc4253e sp=0x0000000000afc948 mode 3
Event: 29.719 Thread 0x0000000058ffb800 DEOPT PACKING pc=0x000000000bf5663c sp=0x00000000638bc2d0
Event: 29.719 Thread 0x0000000058ffb800 DEOPT UNPACKING pc=0x000000000bc4253e sp=0x00000000638bb8b0 mode 0
Event: 31.115 Thread 0x00000000029ba000 DEOPT PACKING pc=0x000000000c67f72d sp=0x0000000000afc8a0
Event: 31.115 Thread 0x00000000029ba000 DEOPT UNPACKING pc=0x000000000bc4253e sp=0x0000000000afbda8 mode 3
Event: 61.807 Thread 0x0000000058ff5000 DEOPT PACKING pc=0x000000000c8104ce sp=0x000000005ec6e3e0
Event: 61.807 Thread 0x0000000058ff5000 DEOPT UNPACKING pc=0x000000000bc4253e sp=0x000000005ec6d8d8 mode 3
Event: 62.414 Thread 0x0000000060163800 DEOPT PACKING pc=0x000000000bd2b490 sp=0x000000006e5de2a0
Event: 62.414 Thread 0x0000000060163800 DEOPT UNPACKING pc=0x000000000bc4253e sp=0x000000006e5dd798 mode 3

Classes redefined (0 events):
No events

Internal exceptions (20 events):
Event: 63.757 Thread 0x0000000060165800 Exception <a 'java/io/IOException'{0x000000001cec4890}: CreateProcess error=2, The system cannot find the file specified> (0x000000001cec4890) thrown at [./src/hotspot/share/prims/jni.cpp, line 636]
Event: 65.905 Thread 0x0000000058ff7800 Exception <a 'sun/nio/fs/WindowsException'{0x000000001f034618}> (0x000000001f034618) thrown at [./src/hotspot/share/prims/jni.cpp, line 615]
Event: 66.740 Thread 0x0000000059002000 Exception <a 'sun/nio/fs/WindowsException'{0x000000001dfbdd28}> (0x000000001dfbdd28) thrown at [./src/hotspot/share/prims/jni.cpp, line 615]
Event: 66.879 Thread 0x0000000059001800 Exception <a 'sun/nio/fs/WindowsException'{0x000000001dea2ae8}> (0x000000001dea2ae8) thrown at [./src/hotspot/share/prims/jni.cpp, line 615]
Event: 66.879 Thread 0x0000000059001800 Exception <a 'sun/nio/fs/WindowsException'{0x000000001dea2f18}> (0x000000001dea2f18) thrown at [./src/hotspot/share/prims/jni.cpp, line 615]
Event: 67.535 Thread 0x0000000058ffe000 Exception <a 'sun/nio/fs/WindowsException'{0x000000001d0dbee8}> (0x000000001d0dbee8) thrown at [./src/hotspot/share/prims/jni.cpp, line 615]
Event: 68.161 Thread 0x0000000058fff000 Exception <a 'sun/nio/fs/WindowsException'{0x000000001c764660}> (0x000000001c764660) thrown at [./src/hotspot/share/prims/jni.cpp, line 615]
Event: 68.941 Thread 0x0000000058ff6000 Exception <a 'sun/nio/fs/WindowsException'{0x000000001b947670}> (0x000000001b947670) thrown at [./src/hotspot/share/prims/jni.cpp, line 615]
Event: 78.980 Thread 0x0000000058ff4800 Exception <a 'sun/nio/fs/WindowsException'{0x000000002218cf58}> (0x000000002218cf58) thrown at [./src/hotspot/share/prims/jni.cpp, line 615]
Event: 79.902 Thread 0x0000000058ff4800 Exception <a 'sun/nio/fs/WindowsException'{0x000000002168b3e0}> (0x000000002168b3e0) thrown at [./src/hotspot/share/prims/jni.cpp, line 615]
Event: 80.807 Thread 0x0000000059000800 Exception <a 'sun/nio/fs/WindowsException'{0x000000001dbe3660}> (0x000000001dbe3660) thrown at [./src/hotspot/share/prims/jni.cpp, line 615]
Event: 81.620 Thread 0x0000000058fff000 Exception <a 'sun/nio/fs/WindowsException'{0x0000000021299f30}> (0x0000000021299f30) thrown at [./src/hotspot/share/prims/jni.cpp, line 615]
Event: 82.556 Thread 0x0000000058ff8800 Exception <a 'sun/nio/fs/WindowsException'{0x000000001feef0d0}> (0x000000001feef0d0) thrown at [./src/hotspot/share/prims/jni.cpp, line 615]
Event: 83.447 Thread 0x000000005618c000 Exception <a 'sun/nio/fs/WindowsException'{0x000000002223fd58}> (0x000000002223fd58) thrown at [./src/hotspot/share/prims/jni.cpp, line 615]
Event: 84.478 Thread 0x0000000059002000 Exception <a 'sun/nio/fs/WindowsException'{0x000000001f8d9fd0}> (0x000000001f8d9fd0) thrown at [./src/hotspot/share/prims/jni.cpp, line 615]
Event: 91.614 Thread 0x00000000029ba000 Exception <a 'java/lang/NoSuchMethodError'{0x000000002729b9a0}: 'java.lang.Object java.lang.invoke.Invokers$Holder.linkToTargetMethod(java.lang.Object, java.lang.Object, java.lang.Object, int, java.lang.Object, java.lang.Object, java.lang.Object)'> (0x000000002729b9a0) thrown at [./src/hotspot/share/interpreter/linkResolver.cpp, line 773]
Event: 91.616 Thread 0x00000000029ba000 Exception <a 'java/lang/NoSuchMethodError'{0x00000000271009e0}: 'java.lang.Object java.lang.invoke.DirectMethodHandle$Holder.invokeStatic(java.lang.Object, java.lang.Object, java.lang.Object, int, int, java.lang.Object)'> (0x00000000271009e0) thrown at [./src/hotspot/share/interpreter/linkResolver.cpp, line 773]
Event: 91.616 Thread 0x00000000029ba000 Exception <a 'java/lang/NoSuchMethodError'{0x00000000271063c0}: 'java.lang.Object java.lang.invoke.DirectMethodHandle$Holder.invokeSpecial(java.lang.Object, java.lang.Object, java.lang.Object, java.lang.Object, int, int, java.lang.Object)'> (0x00000000271063c0) thrown at [./src/hotspot/share/interpreter/linkResolver.cpp, line 773]
Event: 91.616 Thread 0x00000000029ba000 Exception <a 'java/lang/NoSuchMethodError'{0x000000002710b1e8}: 'java.lang.Object java.lang.invoke.Invokers$Holder.linkToTargetMethod(java.lang.Object, java.lang.Object, int, int, java.lang.Object, java.lang.Object)'> (0x000000002710b1e8) thrown at [./src/hotspot/share/interpreter/linkResolver.cpp, line 773]
Event: 92.233 Thread 0x0000000060162800 Exception <a 'java/lang/NullPointerException'{0x0000000026e95d68}> (0x0000000026e95d68) thrown at [./src/hotspot/share/interpreter/linkResolver.cpp, line 1440]

Events (20 events):
Event: 95.535 Executing VM operation: G1CollectForAllocation done
Event: 95.632 Executing VM operation: G1CollectForAllocation
Event: 95.638 Executing VM operation: G1CollectForAllocation done
Event: 95.649 Executing VM operation: CGC_Operation
Event: 95.665 Executing VM operation: CGC_Operation done
Event: 95.794 Executing VM operation: RevokeBias
Event: 95.794 Executing VM operation: RevokeBias done
Event: 95.794 Executing VM operation: RevokeBias
Event: 95.794 Executing VM operation: RevokeBias done
Event: 95.811 Executing VM operation: CGC_Operation
Event: 95.812 Executing VM operation: CGC_Operation done
Event: 95.906 Executing VM operation: RevokeBias
Event: 95.907 Executing VM operation: RevokeBias done
Event: 95.907 Executing VM operation: RevokeBias
Event: 95.907 Executing VM operation: RevokeBias done
Event: 96.086 Executing VM operation: G1CollectForAllocation
Event: 96.093 Executing VM operation: G1CollectForAllocation done
Event: 96.170 Executing VM operation: G1CollectForAllocation
Event: 96.183 Executing VM operation: G1CollectForAllocation done
Event: 96.259 Executing VM operation: G1CollectForAllocation


Dynamic libraries:
0x00007ff6aae30000 - 0x00007ff6aae9a000 	C:\ST\STM32CubeIDE_1.8.0\STM32CubeIDE\stm32cubeide.exe
0x00007ffff9ca0000 - 0x00007ffff9ea9000 	C:\WINDOWS\SYSTEM32\ntdll.dll
0x00007ffff8e20000 - 0x00007ffff8edd000 	C:\WINDOWS\System32\KERNEL32.DLL
0x00007ffff73b0000 - 0x00007ffff7734000 	C:\WINDOWS\System32\KERNELBASE.dll
0x00007ffff40b0000 - 0x00007ffff4142000 	C:\WINDOWS\SYSTEM32\apphelp.dll
0x00007ffff8330000 - 0x00007ffff84dd000 	C:\WINDOWS\System32\USER32.dll
0x00007ffff7a40000 - 0x00007ffff7a66000 	C:\WINDOWS\System32\win32u.dll
0x00007ffff7ba0000 - 0x00007ffff7bca000 	C:\WINDOWS\System32\GDI32.dll
0x00007ffff7290000 - 0x00007ffff73ae000 	C:\WINDOWS\System32\gdi32full.dll
0x00007ffff71f0000 - 0x00007ffff728d000 	C:\WINDOWS\System32\msvcp_win.dll
0x00007ffff77b0000 - 0x00007ffff78c1000 	C:\WINDOWS\System32\ucrtbase.dll
0x00007fffe98f0000 - 0x00007fffe9b95000 	C:\WINDOWS\WinSxS\amd64_microsoft.windows.common-controls_6595b64144ccf1df_6.0.22000.120_none_9d947278b86cc467\COMCTL32.dll
0x00007ffff84e0000 - 0x00007ffff8583000 	C:\WINDOWS\System32\msvcrt.dll
0x00007ffff8d70000 - 0x00007ffff8da1000 	C:\WINDOWS\System32\IMM32.DLL
0x00007fffcf130000 - 0x00007fffcf159000 	C:\ST\STM32CubeIDE_1.8.0\STM32CubeIDE\plugins\org.eclipse.equinox.launcher.win32.win32.x86_64_1.2.100.v20210209-1541\eclipse_11301.dll
0x00007ffff91e0000 - 0x00007ffff928e000 	C:\WINDOWS\System32\ADVAPI32.dll
0x00007ffff7af0000 - 0x00007ffff7b8e000 	C:\WINDOWS\System32\sechost.dll
0x00007ffff8fd0000 - 0x00007ffff90f1000 	C:\WINDOWS\System32\RPCRT4.dll
0x00007fffee850000 - 0x00007fffee85a000 	C:\WINDOWS\SYSTEM32\VERSION.dll
0x00007fff67ca0000 - 0x00007fff68359000 	C:\ST\STM32CubeIDE_1.8.0\STM32CubeIDE\plugins\com.st.stm32cube.ide.jre.win64_2.0.100.202110150814\jre\bin\client\jvm.dll
0x00007ffff9710000 - 0x00007ffff9718000 	C:\WINDOWS\System32\PSAPI.DLL
0x00007fffecc30000 - 0x00007fffecc39000 	C:\WINDOWS\SYSTEM32\WSOCK32.dll
0x00007ffff9400000 - 0x00007ffff946f000 	C:\WINDOWS\System32\WS2_32.dll
0x00007ffff0420000 - 0x00007ffff0453000 	C:\WINDOWS\SYSTEM32\WINMM.dll
0x00007fffdd050000 - 0x00007fffdd06e000 	C:\WINDOWS\SYSTEM32\VCRUNTIME140.dll
0x00007fffdf910000 - 0x00007fffdf920000 	C:\ST\STM32CubeIDE_1.8.0\STM32CubeIDE\plugins\com.st.stm32cube.ide.jre.win64_2.0.100.202110150814\jre\bin\verify.dll
0x00007ffff4b60000 - 0x00007ffff4d81000 	C:\WINDOWS\SYSTEM32\DBGHELP.DLL
0x00007fffe4ba0000 - 0x00007fffe4bd1000 	C:\WINDOWS\SYSTEM32\dbgcore.DLL
0x00007ffff7a70000 - 0x00007ffff7aef000 	C:\WINDOWS\System32\bcryptPrimitives.dll
0x00007fffd3020000 - 0x00007fffd3048000 	C:\ST\STM32CubeIDE_1.8.0\STM32CubeIDE\plugins\com.st.stm32cube.ide.jre.win64_2.0.100.202110150814\jre\bin\java.dll
0x00007fffdf810000 - 0x00007fffdf81a000 	C:\ST\STM32CubeIDE_1.8.0\STM32CubeIDE\plugins\com.st.stm32cube.ide.jre.win64_2.0.100.202110150814\jre\bin\jimage.dll
0x00007fffd37c0000 - 0x00007fffd37d7000 	C:\ST\STM32CubeIDE_1.8.0\STM32CubeIDE\plugins\com.st.stm32cube.ide.jre.win64_2.0.100.202110150814\jre\bin\zip.dll
0x00007ffff61a0000 - 0x00007ffff61b8000 	C:\WINDOWS\SYSTEM32\kernel.appcore.dll
0x00007ffff8590000 - 0x00007ffff8d55000 	C:\WINDOWS\System32\SHELL32.dll
0x00007ffff5200000 - 0x00007ffff5a62000 	C:\WINDOWS\SYSTEM32\windows.storage.dll
0x00007ffff98e0000 - 0x00007ffff9c56000 	C:\WINDOWS\System32\combase.dll
0x00007ffff5090000 - 0x00007ffff51f7000 	C:\WINDOWS\SYSTEM32\wintypes.dll
0x00007ffff9290000 - 0x00007ffff937a000 	C:\WINDOWS\System32\SHCORE.dll
0x00007ffff8050000 - 0x00007ffff80ad000 	C:\WINDOWS\System32\shlwapi.dll
0x00007ffff7060000 - 0x00007ffff7085000 	C:\WINDOWS\SYSTEM32\profapi.dll
0x00007fffdcbd0000 - 0x00007fffdcbe9000 	C:\ST\STM32CubeIDE_1.8.0\STM32CubeIDE\plugins\com.st.stm32cube.ide.jre.win64_2.0.100.202110150814\jre\bin\net.dll
0x00007ffff0840000 - 0x00007ffff0954000 	C:\WINDOWS\SYSTEM32\WINHTTP.dll
0x00007ffff66c0000 - 0x00007ffff6727000 	C:\WINDOWS\system32\mswsock.dll
0x00007fffd5a30000 - 0x00007fffd5a42000 	C:\ST\STM32CubeIDE_1.8.0\STM32CubeIDE\plugins\com.st.stm32cube.ide.jre.win64_2.0.100.202110150814\jre\bin\nio.dll
0x00007ffff3820000 - 0x00007ffff382e000 	C:\ST\STM32CubeIDE_1.8.0\STM32CubeIDE\plugins\com.st.stm32cube.ide.jre.win64_2.0.100.202110150814\jre\bin\sunmscapi.dll
0x00007ffff78d0000 - 0x00007ffff7a32000 	C:\WINDOWS\System32\CRYPT32.dll
0x00007ffff6a50000 - 0x00007ffff6a78000 	C:\WINDOWS\SYSTEM32\ncrypt.dll
0x00007ffff6a10000 - 0x00007ffff6a47000 	C:\WINDOWS\SYSTEM32\NTASN1.dll
0x00007fffd50d0000 - 0x00007fffd50f5000 	C:\ST\STM32CubeIDE_1.8.0\STM32CubeIDE\plugins\com.st.stm32cube.ide.jre.win64_2.0.100.202110150814\jre\bin\sunec.dll
0x00007ffff4390000 - 0x00007ffff443c000 	C:\WINDOWS\system32\uxtheme.dll
0x00007ffff9580000 - 0x00007ffff969d000 	C:\WINDOWS\System32\MSCTF.dll
0x00007fffe5400000 - 0x00007fffe552c000 	C:\WINDOWS\SYSTEM32\textinputframework.dll
0x00007ffff9100000 - 0x00007ffff91d6000 	C:\WINDOWS\System32\OLEAUT32.dll
0x00007ffff3c20000 - 0x00007ffff3d51000 	C:\WINDOWS\SYSTEM32\CoreMessaging.dll
0x00007ffff0960000 - 0x00007ffff0ccd000 	C:\WINDOWS\SYSTEM32\CoreUIComponents.dll
0x00007ffff6900000 - 0x00007ffff690c000 	C:\WINDOWS\SYSTEM32\CRYPTBASE.DLL
0x00007fffccc10000 - 0x00007fffccc79000 	C:\WINDOWS\system32\Oleacc.dll
0x00007ffff6910000 - 0x00007ffff6928000 	C:\WINDOWS\SYSTEM32\CRYPTSP.dll
0x00007ffff6100000 - 0x00007ffff6135000 	C:\WINDOWS\system32\rsaenh.dll
0x00007ffff67b0000 - 0x00007ffff67dc000 	C:\WINDOWS\SYSTEM32\USERENV.dll
0x00007ffff6a80000 - 0x00007ffff6aa7000 	C:\WINDOWS\SYSTEM32\bcrypt.dll
0x00007ffff5cc0000 - 0x00007ffff5ced000 	C:\WINDOWS\SYSTEM32\IPHLPAPI.DLL
0x00007ffff8d60000 - 0x00007ffff8d69000 	C:\WINDOWS\System32\NSI.dll
0x00007ffff1420000 - 0x00007ffff1439000 	C:\WINDOWS\SYSTEM32\dhcpcsvc6.DLL
0x00007ffff15b0000 - 0x00007ffff15ce000 	C:\WINDOWS\SYSTEM32\dhcpcsvc.DLL
0x00007ffff5d30000 - 0x00007ffff5e17000 	C:\WINDOWS\SYSTEM32\DNSAPI.dll
0x00007fffc6090000 - 0x00007fffc6145000 	C:\ST\STM32CubeIDE_1.8.0\STM32CubeIDE\configuration\org.eclipse.osgi\349\0\.cp\swt-win32-4942r22.dll
0x00007ffff9740000 - 0x00007ffff98da000 	C:\WINDOWS\System32\ole32.dll
0x00007ffff9490000 - 0x00007ffff957c000 	C:\WINDOWS\System32\COMDLG32.dll
0x00007fffe4c10000 - 0x00007fffe510b000 	C:\WINDOWS\SYSTEM32\WININET.dll
0x00007fffd5970000 - 0x00007fffd5a11000 	C:\WINDOWS\SYSTEM32\WINSPOOL.DRV
0x00007fffdf760000 - 0x00007fffdf779000 	C:\WINDOWS\SYSTEM32\USP10.dll
0x00007fffeed70000 - 0x00007fffeef60000 	C:\WINDOWS\SYSTEM32\urlmon.dll
0x00007ffff4d90000 - 0x00007ffff4e87000 	C:\WINDOWS\SYSTEM32\PROPSYS.dll
0x00007fffe5dd0000 - 0x00007fffe5dd7000 	C:\WINDOWS\SYSTEM32\MSIMG32.dll
0x00007fffeea00000 - 0x00007fffeea29000 	C:\WINDOWS\SYSTEM32\srvcli.dll
0x00007fffeea30000 - 0x00007fffeecee000 	C:\WINDOWS\SYSTEM32\iertutil.dll
0x00007ffff5cb0000 - 0x00007ffff5cbc000 	C:\WINDOWS\SYSTEM32\netutils.dll
0x00007ffff80b0000 - 0x00007ffff815f000 	C:\WINDOWS\System32\clbcatq.dll
0x00007fffd0930000 - 0x00007fffd0aff000 	C:\Windows\System32\TaskFlowDataEngine.dll
0x00007fffde9b0000 - 0x00007fffdea84000 	C:\Windows\System32\OneCoreCommonProxyStub.dll
0x00007fffdf2e0000 - 0x00007fffdf306000 	C:\ST\STM32CubeIDE_1.8.0\STM32CubeIDE\configuration\org.eclipse.osgi\349\0\.cp\swt-gdip-win32-4942r22.dll
0x00007fffe9bd0000 - 0x00007fffe9d83000 	C:\WINDOWS\WinSxS\amd64_microsoft.windows.gdiplus_6595b64144ccf1df_1.1.22000.2003_none_4c4fc4c1c574dc79\gdiplus.dll
0x00007fffef040000 - 0x00007fffef1ee000 	C:\WINDOWS\SYSTEM32\WindowsCodecs.dll
0x00007fffdf6b0000 - 0x00007fffdf75e000 	C:\WINDOWS\SYSTEM32\TextShaping.dll
0x00007fffd8bc0000 - 0x00007fffd8c02000 	C:\WINDOWS\system32\mlang.dll
0x0000000180000000 - 0x0000000180012000 	C:\ST\STM32CubeIDE_1.8.0\STM32CubeIDE\configuration\org.eclipse.osgi\207\0\.cp\os\win32\x86_64\localfile_1_0_0.dll
0x00007fffd3050000 - 0x00007fffd3061000 	C:\ST\STM32CubeIDE_1.8.0\STM32CubeIDE\configuration\org.eclipse.osgi\210\0\.cp\jWinHttp-1.0.0.dll
0x00007fffdd0b0000 - 0x00007fffdd10d000 	C:\WINDOWS\system32\dataexchange.dll
0x00007fffee400000 - 0x00007fffee665000 	C:\WINDOWS\system32\twinapi.appcore.dll
0x00007fffde1a0000 - 0x00007fffde3ff000 	C:\WINDOWS\SYSTEM32\DWrite.dll
0x00007fffca5d0000 - 0x00007fffca840000 	C:\WINDOWS\system32\explorerframe.dll
0x00007fffebcf0000 - 0x00007fffebcf9000 	C:\ST\STM32CubeIDE_1.8.0\STM32CubeIDE\plugins\com.st.stm32cube.ide.jre.win64_2.0.100.202110150814\jre\bin\prefs.dll
0x0000000064500000 - 0x0000000064554000 	C:\ST\STM32CubeIDE_1.8.0\STM32CubeIDE\plugins\org.eclipse.cdt.core.win32.x86_64_6.0.100.202011060124\os\win32\x86_64\spawner.dll
0x00007fff982d0000 - 0x00007fff98469000 	C:\ST\STM32CubeIDE_1.8.0\STM32CubeIDE\plugins\com.st.stm32cube.ide.jre.win64_2.0.100.202110150814\jre\bin\awt.dll
0x00007fffbdd60000 - 0x00007fffbdded000 	C:\WINDOWS\SYSTEM32\MSVCP140.dll
0x00007ffff3350000 - 0x00007ffff335c000 	C:\WINDOWS\SYSTEM32\VCRUNTIME140_1.dll
0x00007ffff4900000 - 0x00007ffff492f000 	C:\WINDOWS\system32\DWMAPI.DLL
0x00007ffff6960000 - 0x00007ffff6972000 	C:\WINDOWS\SYSTEM32\MSASN1.dll
0x00007ffff6750000 - 0x00007ffff6774000 	C:\WINDOWS\SYSTEM32\gpapi.dll
0x00007fffe8da0000 - 0x00007fffe8daa000 	C:\Windows\System32\rasadhlp.dll
0x00007fffece40000 - 0x00007fffecec1000 	C:\WINDOWS\System32\fwpuclnt.dll
0x0000000064410000 - 0x00000000644e1000 	C:\ST\STM32CubeIDE_1.8.0\STM32CubeIDE\configuration\org.eclipse.osgi\433\0\.cp\msvcr100.dll
0x0000000063fc0000 - 0x0000000064058000 	C:\ST\STM32CubeIDE_1.8.0\STM32CubeIDE\configuration\org.eclipse.osgi\433\0\.cp\msvcp100.dll
0x0000000064060000 - 0x0000000064093000 	C:\ST\STM32CubeIDE_1.8.0\STM32CubeIDE\configuration\org.eclipse.osgi\433\0\.cp\libapr-1.dll
0x000000005d780000 - 0x000000005d78d000 	C:\ST\STM32CubeIDE_1.8.0\STM32CubeIDE\configuration\org.eclipse.osgi\433\0\.cp\libapriconv-1.dll
0x00007fff95290000 - 0x00007fff9552a000 	C:\ST\STM32CubeIDE_1.8.0\STM32CubeIDE\configuration\org.eclipse.osgi\433\0\.cp\libcrypto-1_1-x64.dll
0x00007fffd2ea0000 - 0x00007fffd2eb2000 	C:\ST\STM32CubeIDE_1.8.0\STM32CubeIDE\configuration\org.eclipse.osgi\433\0\.cp\capi.dll
0x00007fffb7180000 - 0x00007fffb7222000 	C:\ST\STM32CubeIDE_1.8.0\STM32CubeIDE\configuration\org.eclipse.osgi\433\0\.cp\libssl-1_1-x64.dll
0x0000000065f30000 - 0x0000000065f73000 	C:\ST\STM32CubeIDE_1.8.0\STM32CubeIDE\configuration\org.eclipse.osgi\433\0\.cp\libaprutil-1.dll
0x00007fffcf1d0000 - 0x00007fffcf1f2000 	C:\ST\STM32CubeIDE_1.8.0\STM32CubeIDE\configuration\org.eclipse.osgi\433\0\.cp\libserf-1.dll
0x00007fffe5da0000 - 0x00007fffe5dac000 	C:\WINDOWS\SYSTEM32\Secur32.dll
0x00007ffff64a0000 - 0x00007ffff64e2000 	C:\WINDOWS\SYSTEM32\SSPICLI.DLL
0x00007fff6f630000 - 0x00007fff6f7fa000 	C:\ST\STM32CubeIDE_1.8.0\STM32CubeIDE\configuration\org.eclipse.osgi\433\0\.cp\libsvn_subr-1.dll
0x00007fffde080000 - 0x00007fffde087000 	C:\WINDOWS\SYSTEM32\SHFOLDER.dll
0x00007fffc8c60000 - 0x00007fffc8c86000 	C:\ST\STM32CubeIDE_1.8.0\STM32CubeIDE\configuration\org.eclipse.osgi\433\0\.cp\libsvn_delta-1.dll
0x00007fffcf1b0000 - 0x00007fffcf1cd000 	C:\ST\STM32CubeIDE_1.8.0\STM32CubeIDE\configuration\org.eclipse.osgi\433\0\.cp\libsvn_diff-1.dll
0x00007fffaf4a0000 - 0x00007fffaf563000 	C:\ST\STM32CubeIDE_1.8.0\STM32CubeIDE\configuration\org.eclipse.osgi\433\0\.cp\libsvn_wc-1.dll
0x00007fffd8200000 - 0x00007fffd8226000 	C:\WINDOWS\SYSTEM32\edputil.dll
0x00007fffd4ee0000 - 0x00007fffd4f39000 	C:\WINDOWS\SYSTEM32\VAULTCLI.dll
0x00007fffdda70000 - 0x00007fffdda7a000 	C:\ST\STM32CubeIDE_1.8.0\STM32CubeIDE\configuration\org.eclipse.osgi\433\0\.cp\libsvn_fs_util-1.dll
0x00007fffbf3b0000 - 0x00007fffbf40e000 	C:\ST\STM32CubeIDE_1.8.0\STM32CubeIDE\configuration\org.eclipse.osgi\433\0\.cp\libsvn_fs_fs-1.dll
0x00007fffbd3a0000 - 0x00007fffbd3fd000 	C:\ST\STM32CubeIDE_1.8.0\STM32CubeIDE\configuration\org.eclipse.osgi\433\0\.cp\libsvn_fs_x-1.dll
0x00007fffcd8d0000 - 0x00007fffcd8e3000 	C:\ST\STM32CubeIDE_1.8.0\STM32CubeIDE\configuration\org.eclipse.osgi\433\0\.cp\libsvn_fs-1.dll
0x00007fffbe210000 - 0x00007fffbe255000 	C:\ST\STM32CubeIDE_1.8.0\STM32CubeIDE\configuration\org.eclipse.osgi\433\0\.cp\libsvn_repos-1.dll
0x00007fffb66c0000 - 0x00007fffb673b000 	C:\ST\STM32CubeIDE_1.8.0\STM32CubeIDE\configuration\org.eclipse.osgi\433\0\.cp\libsvn_ra-1.dll
0x00007fffae3d0000 - 0x00007fffae472000 	C:\ST\STM32CubeIDE_1.8.0\STM32CubeIDE\configuration\org.eclipse.osgi\433\0\.cp\libsvn_client-1.dll
0x00007fffae320000 - 0x00007fffae3ca000 	C:\ST\STM32CubeIDE_1.8.0\STM32CubeIDE\configuration\org.eclipse.osgi\433\0\.cp\libsvnjavahl-1.dll

dbghelp: loaded successfully - version: 4.0.5 - missing functions: none
symbol engine: initialized successfully - sym options: 0x614 - pdb path: .;C:\ST\STM32CubeIDE_1.8.0\STM32CubeIDE;C:\WINDOWS\SYSTEM32;C:\WINDOWS\WinSxS\amd64_microsoft.windows.common-controls_6595b64144ccf1df_6.0.22000.120_none_9d947278b86cc467;C:\ST\STM32CubeIDE_1.8.0\STM32CubeIDE\plugins\org.eclipse.equinox.launcher.win32.win32.x86_64_1.2.100.v20210209-1541;C:\ST\STM32CubeIDE_1.8.0\STM32CubeIDE\plugins\com.st.stm32cube.ide.jre.win64_2.0.100.202110150814\jre\bin\client;C:\ST\STM32CubeIDE_1.8.0\STM32CubeIDE\plugins\com.st.stm32cube.ide.jre.win64_2.0.100.202110150814\jre\bin;C:\ST\STM32CubeIDE_1.8.0\STM32CubeIDE\configuration\org.eclipse.osgi\349\0\.cp;C:\WINDOWS\WinSxS\amd64_microsoft.windows.gdiplus_6595b64144ccf1df_1.1.22000.2003_none_4c4fc4c1c574dc79;C:\ST\STM32CubeIDE_1.8.0\STM32CubeIDE\configuration\org.eclipse.osgi\207\0\.cp\os\win32\x86_64;C:\ST\STM32CubeIDE_1.8.0\STM32CubeIDE\configuration\org.eclipse.osgi\210\0\.cp;C:\ST\STM32CubeIDE_1.8.0\STM32CubeIDE\plugins\org.eclipse.cdt.core.win32.x86_64_6.0.100.202011060124\os\win32\x86_64;C:\ST\STM32CubeIDE_1.8.0\STM32CubeIDE\configuration\org.eclipse.osgi\433\0\.cp;C:\Windows\System32\DriverStore\FileRepository\u0361881.inf_amd64_35b3ca16b5e66ef7\B361342;C:\Users\91819\AppData\Local\Temp\jna-54155848;C:\ST\STM32CubeIDE_1.8.0\STM32CubeIDE\configuration\org.eclipse.osgi\191\0\.cp\os\win32\x86_64

VM Arguments:
jvm_args: -Dosgi.requiredJavaVersion=1.8 -Dosgi.instance.area.default=@user.home/STM32CubeIDE/workspace_1.8.0 -Declipse.buildId=Version 1.8.0 -DproductMaturityGrade=mm -XX:+UseG1GC -XX:+UseStringDeduplication -Xms256m -Xmx1024m -Djavax.net.ssl.trustStoreType=WINDOWS-ROOT 
java_command: <unknown>
java_class_path (initial): C:\ST\STM32CubeIDE_1.8.0\STM32CubeIDE\\plugins/org.eclipse.equinox.launcher_1.6.100.v20201223-0822.jar
Launcher Type: generic

[Global flags]
     uint ConcGCThreads                            = 2                                         {product} {ergonomic}
     uint G1ConcRefinementThreads                  = 6                                         {product} {ergonomic}
   size_t G1HeapRegionSize                         = 1048576                                   {product} {ergonomic}
    uintx GCDrainStackTargetSize                   = 64                                        {product} {ergonomic}
   size_t InitialHeapSize                          = 268435456                                 {product} {command line}
   size_t MarkStackSize                            = 4194304                                   {product} {ergonomic}
   size_t MaxHeapSize                              = 1073741824                                {product} {command line}
   size_t MaxNewSize                               = 643825664                                 {product} {ergonomic}
   size_t MinHeapDeltaBytes                        = 1048576                                   {product} {ergonomic}
    uintx NonProfiledCodeHeapSize                  = 0                                      {pd product} {ergonomic}
    uintx ProfiledCodeHeapSize                     = 0                                      {pd product} {ergonomic}
     bool UseG1GC                                  = true                                      {product} {command line}
     bool UseLargePagesIndividualAllocation        = false                                  {pd product} {ergonomic}
     bool UseStringDeduplication                   = true                                      {product} {command line}

Logging:
Log output configuration:
 #0: stdout all=warning uptime,level,tags
 #1: stderr all=off uptime,level,tags

Environment Variables:
PATH=C:\Program Files\AdoptOpenJDK\jdk-11.0.6.10-hotspot\bin;C:\WINDOWS\system32;C:\WINDOWS;C:\WINDOWS\System32\Wbem;C:\WINDOWS\System32\WindowsPowerShell\v1.0\;C:\WINDOWS\System32\OpenSSH\;C:\Program Files\MATLAB\R2019a\runtime\win64;C:\Program Files\MATLAB\R2019a\bin;C:\Program Files\Git_DeadReckoning\Git\cmd;C:\MinGW\bin;C:\tools\Scripts\;C:\tools\;C:\Users\91819\AppData\Local\Microsoft\WindowsApps;;C:\intelFPGA\18.1\modelsim_ase\win32aloem
USERNAME=91819
OS=Windows_NT
PROCESSOR_IDENTIFIER=AMD64 Family 23 Model 96 Stepping 1, AuthenticAMD



---------------  S Y S T E M  ---------------

OS: Windows 10 , 64 bit Build 22000 (10.0.22000.2538)
OS uptime: 9 days 18:24 hours

CPU:total 6 (initial active 6) (6 cores per cpu, 1 threads per core) family 23 model 96 stepping 1 microcode 0x0, cmov, cx8, fxsr, mmx, sse, sse2, sse3, ssse3, sse4.1, sse4.2, popcnt, avx, avx2, aes, clmul, mmxext, 3dnowpref, lzcnt, sse4a, tsc, tscinvbit, tscinv, bmi1, bmi2, adx, sha, 

Memory: 4k page, system-wide physical 7550M (340M free)
TotalPageFile size 31102M (AvailPageFile size 37M)
current process WorkingSet (physical memory assigned to process): 683M, peak: 686M
current process commit charge ("private bytes"): 738M, peak: 773M

vm_info: OpenJDK 64-Bit Client VM (11.0.11+9) for windows-amd64 JRE (11.0.11+9), built on Apr 20 2021 21:17:54 by "" with MS VC++ 15.9 (VS2017)

END.
